time,alive_grass,alive_herbivores,alive_predators,herbivore_hp_pool,predator_hp_pool,predator_mana,herbivore_mana,total_creature_mana,corpse_mana,field_mana,attack_gain,magic_gain,grass_gain,field_gain,corpse_gain,mana_spent,death_release,expected_phase_ups
0.0,100,30,10,1050.0,550.0,2000.0,3000.0,5000.0,0.0,1000.0,0.0,0.0,0.0,0.0,0.0,0.0,0.0,0.0
1.0,100,30,10,1050.0,550.0,2010.0,3030.0,5040.0,0.0,960.0,0.0,0.0,0.0,40.0,0.0,0.0,0.0,0.0
2.0,100,29,10,990.0,550.0,2059.0,2958.0,5017.0,0.0,1022.0,60.0,0.0,0.0,79.0,0.0,21.0,101.0,0.0
3.0,100,27,10,930.0,550.0,2108.0,2781.0,4889.0,0.0,1189.0,120.0,0.0,0.0,116.0,0.0,42.0,305.0,0.0
4.0,100,27,10,930.0,550.0,2118.0,2808.0,4926.0,0.0,1152.0,120.0,0.0,0.0,153.0,0.0,42.0,305.0,0.0
5.0,100,25,10,870.0,550.0,2167.0,2625.0,4792.0,0.0,1325.0,180.0,0.0,0.0,188.0,0.0,63.0,513.0,0.0
6.0,100,24,10,810.0,550.0,2216.0,2544.0,4760.0,0.0,1396.0,240.0,0.0,0.0,222.0,0.0,84.0,618.0,0.0
7.0,100,22,10,750.0,550.0,2265.0,2354.0,4619.0,0.0,1576.0,300.0,0.0,0.0,254.0,0.0,105.0,830.0,0.0
8.0,100,22,10,750.0,550.0,2275.0,2376.0,4651.0,0.0,1544.0,300.0,0.0,0.0,286.0,0.0,105.0,830.0,0.0
9.0,100,20,10,690.0,550.0,2324.0,2180.0,4504.0,0.0,1730.0,360.0,0.0,0.0,316.0,0.0,126.0,1046.0,0.0
10.0,100,18,10,630.0,550.0,2373.0,1980.0,4353.0,0.0,1920.0,420.0,0.0,0.0,344.0,0.0,147.0,1264.0,0.05
11.0,100,17,10,570.0,550.0,2422.0,1887.0,4309.0,0.0,2003.0,480.0,0.0,0.0,371.0,0.0,168.0,1374.0,0.05
12.0,100,17,10,570.0,550.0,2432.0,1904.0,4336.0,0.0,1976.0,480.0,0.0,0.0,398.0,0.0,168.0,1374.0,0.05
13.0,100,15,10,510.0,550.0,2481.0,1695.0,4176.0,0.0,2175.0,540.0,0.0,0.0,423.0,0.0,189.0,1598.0,0.05
14.0,100,13,10,450.0,550.0,2530.0,1482.0,4012.0,0.0,2378.0,600.0,0.0,0.0,446.0,0.0,210.0,1824.0,0.05
15.0,100,12,10,390.0,550.0,2579.0,1380.0,3959.0,0.0,2470.0,660.0,0.0,0.0,468.0,0.0,231.0,1938.0,0.05
16.0,100,12,10,390.0,550.0,2589.0,1392.0,3981.0,0.0,2448.0,660.0,0.0,0.0,490.0,0.0,231.0,1938.0,0.05
17.0,100,10,10,330.0,550.0,2638.0,1170.0,3808.0,0.0,2660.0,720.0,0.0,0.0,510.0,0.0,252.0,2170.0,0.05
18.0,100,8,10,270.0,550.0,2687.0,944.0,3631.0,0.0,2876.0,780.0,0.0,0.0,528.0,0.0,273.0,2404.0,0.05
19.0,100,7,10,222.0,550.0,2728.2,833.0,3561.2,0.0,2977.0,828.0,0.0,0.0,545.0,0.0,289.8,2522.0,0.05
20.0,100,7,10,222.0,550.0,2738.2,840.0,3578.2,0.0,2960.0,828.0,0.0,0.0,562.0,0.0,289.8,2522.0,0.1
21.0,100,6,10,180.0,550.0,2775.5,726.0,3501.5,0.0,3064.0,870.0,0.0,0.0,578.0,0.0,304.5,2642.0,0.1
22.0,100,5,10,144.0,550.0,2808.9,610.0,3418.9,0.0,3170.0,906.0,0.0,0.0,593.0,0.0,317.1,2763.0,0.1
23.0,100,4,10,114.0,550.0,2838.4,492.0,3330.4,0.0,3278.0,936.0,0.0,0.0,607.0,0.0,327.6,2885.0,0.1
24.0,100,4,10,114.0,550.0,2848.4,496.0,3344.4,0.0,3264.0,936.0,0.0,0.0,621.0,0.0,327.6,2885.0,0.1
25.0,100,3,10,90.0,550.0,2874.0,375.0,3249.0,0.0,3375.0,960.0,0.0,0.0,634.0,0.0,336.0,3009.0,0.1
26.0,100,3,10,72.0,550.0,2895.7,378.0,3273.7,0.0,3362.0,978.0,0.0,0.0,647.0,0.0,342.3,3009.0,0.1
27.0,100,3,10,72.0,550.0,2905.7,381.0,3286.7,0.0,3349.0,978.0,0.0,0.0,660.0,0.0,342.3,3009.0,0.1
28.0,100,2,10,54.0,550.0,2927.3999999999996,256.0,3183.3999999999996,0.0,3464.0,996.0,0.0,0.0,672.0,0.0,348.6,3136.0,0.1
29.0,100,2,10,42.0,550.0,2945.2,258.0,3203.2,0.0,3452.0,1008.0,0.0,0.0,684.0,0.0,352.8,3136.0,0.1
30.0,100,1,10,30.0,550.0,2963.0,130.0,3093.0,0.0,3570.0,1020.0,0.0,0.0,695.0,0.0,357.0,3265.0,0.15000000000000002
31.0,100,1,10,30.0,550.0,2973.0,131.0,3104.0,0.0,3559.0,1020.0,0.0,0.0,706.0,0.0,357.0,3265.0,0.15000000000000002
32.0,100,1,10,24.0,550.0,2986.9,132.0,3118.9,0.0,3548.0,1026.0,0.0,0.0,717.0,0.0,359.1,3265.0,0.15000000000000002
33.0,100,1,10,18.0,550.0,3000.8,133.0,3133.8,0.0,3537.0,1032.0,0.0,0.0,728.0,0.0,361.20000000000005,3265.0,0.15000000000000002
34.0,100,1,10,12.0,550.0,3014.7000000000003,134.0,3148.7000000000003,0.0,3526.0,1038.0,0.0,0.0,739.0,0.0,363.30000000000007,3265.0,0.15000000000000002
35.0,100,1,10,12.0,550.0,3024.7000000000003,135.0,3159.7000000000003,0.0,3515.0,1038.0,0.0,0.0,750.0,0.0,363.30000000000007,3265.0,0.15000000000000002
36.0,100,1,10,6.0,550.0,3038.6000000000004,136.0,3174.6000000000004,0.0,3504.0,1044.0,0.0,0.0,761.0,0.0,365.4000000000001,3265.0,0.15000000000000002
37.0,100,0,10,0.0,550.0,3052.5000000000005,0.0,3052.5000000000005,0.0,3630.0,1050.0,0.0,0.0,771.0,0.0,367.5000000000001,3401.0,0.15000000000000002
38.0,100,0,10,0.0,550.0,3062.5000000000005,0.0,3062.5000000000005,0.0,3620.0,1050.0,0.0,0.0,781.0,0.0,367.5000000000001,3401.0,0.15000000000000002
39.0,100,0,10,0.0,550.0,3072.5000000000005,0.0,3072.5000000000005,0.0,3610.0,1050.0,0.0,0.0,791.0,0.0,367.5000000000001,3401.0,0.15000000000000002
40.0,100,0,10,0.0,550.0,3082.5000000000005,0.0,3082.5000000000005,0.0,3600.0,1050.0,0.0,0.0,801.0,0.0,367.5000000000001,3401.0,0.2
41.0,100,0,10,0.0,550.0,3092.5000000000005,0.0,3092.5000000000005,0.0,3590.0,1050.0,0.0,0.0,811.0,0.0,367.5000000000001,3401.0,0.2
42.0,100,0,10,0.0,550.0,3102.5000000000005,0.0,3102.5000000000005,0.0,3580.0,1050.0,0.0,0.0,821.0,0.0,367.5000000000001,3401.0,0.2
43.0,100,0,10,0.0,550.0,3112.5000000000005,0.0,3112.5000000000005,0.0,3570.0,1050.0,0.0,0.0,831.0,0.0,367.5000000000001,3401.0,0.2
44.0,100,0,10,0.0,550.0,3122.5000000000005,0.0,3122.5000000000005,0.0,3560.0,1050.0,0.0,0.0,841.0,0.0,367.5000000000001,3401.0,0.2
45.0,100,0,10,0.0,550.0,3132.5000000000005,0.0,3132.5000000000005,0.0,3550.0,1050.0,0.0,0.0,851.0,0.0,367.5000000000001,3401.0,0.2
46.0,100,0,10,0.0,550.0,3142.5000000000005,0.0,3142.5000000000005,0.0,3540.0,1050.0,0.0,0.0,861.0,0.0,367.5000000000001,3401.0,0.2
47.0,100,0,10,0.0,550.0,3152.5000000000005,0.0,3152.5000000000005,0.0,3530.0,1050.0,0.0,0.0,871.0,0.0,367.5000000000001,3401.0,0.2
48.0,100,0,10,0.0,550.0,3162.5000000000005,0.0,3162.5000000000005,0.0,3520.0,1050.0,0.0,0.0,881.0,0.0,367.5000000000001,3401.0,0.2
49.0,100,0,10,0.0,550.0,3172.5000000000005,0.0,3172.5000000000005,0.0,3510.0,1050.0,0.0,0.0,891.0,0.0,367.5000000000001,3401.0,0.2
50.0,100,0,10,0.0,550.0,3182.5000000000005,0.0,3182.5000000000005,0.0,3500.0,1050.0,0.0,0.0,901.0,0.0,367.5000000000001,3401.0,0.25
51.0,100,0,10,0.0,550.0,3192.5000000000005,0.0,3192.5000000000005,0.0,3490.0,1050.0,0.0,0.0,911.0,0.0,367.5000000000001,3401.0,0.25
52.0,100,0,10,0.0,550.0,3202.5000000000005,0.0,3202.5000000000005,0.0,3480.0,1050.0,0.0,0.0,921.0,0.0,367.5000000000001,3401.0,0.25
53.0,100,0,10,0.0,550.0,3212.5000000000005,0.0,3212.5000000000005,0.0,3470.0,1050.0,0.0,0.0,931.0,0.0,367.5000000000001,3401.0,0.25
54.0,100,0,10,0.0,550.0,3222.5000000000005,0.0,3222.5000000000005,0.0,3460.0,1050.0,0.0,0.0,941.0,0.0,367.5000000000001,3401.0,0.25
55.0,100,0,10,0.0,550.0,3232.5000000000005,0.0,3232.5000000000005,0.0,3450.0,1050.0,0.0,0.0,951.0,0.0,367.5000000000001,3401.0,0.25
56.0,100,0,10,0.0,550.0,3242.5000000000005,0.0,3242.5000000000005,0.0,3440.0,1050.0,0.0,0.0,961.0,0.0,367.5000000000001,3401.0,0.25
57.0,100,0,10,0.0,550.0,3252.5000000000005,0.0,3252.5000000000005,0.0,3430.0,1050.0,0.0,0.0,971.0,0.0,367.5000000000001,3401.0,0.25
58.0,100,0,10,0.0,550.0,3262.5000000000005,0.0,3262.5000000000005,0.0,3420.0,1050.0,0.0,0.0,981.0,0.0,367.5000000000001,3401.0,0.25
59.0,100,0,10,0.0,550.0,3272.5000000000005,0.0,3272.5000000000005,0.0,3410.0,1050.0,0.0,0.0,991.0,0.0,367.5000000000001,3401.0,0.25
60.0,100,0,10,0.0,550.0,3282.5000000000005,0.0,3282.5000000000005,0.0,3400.0,1050.0,0.0,0.0,1001.0,0.0,367.5000000000001,3401.0,0.3
61.0,100,0,10,0.0,550.0,3292.5000000000005,0.0,3292.5000000000005,0.0,3390.0,1050.0,0.0,0.0,1011.0,0.0,367.5000000000001,3401.0,0.3
62.0,100,0,10,0.0,550.0,3302.5000000000005,0.0,3302.5000000000005,0.0,3380.0,1050.0,0.0,0.0,1021.0,0.0,367.5000000000001,3401.0,0.3
63.0,100,0,10,0.0,550.0,3312.5000000000005,0.0,3312.5000000000005,0.0,3370.0,1050.0,0.0,0.0,1031.0,0.0,367.5000000000001,3401.0,0.3
64.0,100,0,10,0.0,550.0,3322.5000000000005,0.0,3322.5000000000005,0.0,3360.0,1050.0,0.0,0.0,1041.0,0.0,367.5000000000001,3401.0,0.3
65.0,100,0,10,0.0,550.0,3332.5000000000005,0.0,3332.5000000000005,0.0,3350.0,1050.0,0.0,0.0,1051.0,0.0,367.5000000000001,3401.0,0.3
66.0,100,0,10,0.0,550.0,3342.5000000000005,0.0,3342.5000000000005,0.0,3340.0,1050.0,0.0,0.0,1061.0,0.0,367.5000000000001,3401.0,0.3
67.0,100,0,10,0.0,550.0,3352.5000000000005,0.0,3352.5000000000005,0.0,3330.0,1050.0,0.0,0.0,1071.0,0.0,367.5000000000001,3401.0,0.3
68.0,100,0,10,0.0,550.0,3362.5000000000005,0.0,3362.5000000000005,0.0,3320.0,1050.0,0.0,0.0,1081.0,0.0,367.5000000000001,3401.0,0.3
69.0,100,0,10,0.0,550.0,3372.5000000000005,0.0,3372.5000000000005,0.0,3310.0,1050.0,0.0,0.0,1091.0,0.0,367.5000000000001,3401.0,0.3
70.0,100,0,10,0.0,550.0,3382.5000000000005,0.0,3382.5000000000005,0.0,3300.0,1050.0,0.0,0.0,1101.0,0.0,367.5000000000001,3401.0,0.35
71.0,100,0,10,0.0,550.0,3392.5000000000005,0.0,3392.5000000000005,0.0,3290.0,1050.0,0.0,0.0,1111.0,0.0,367.5000000000001,3401.0,0.35
72.0,100,0,10,0.0,550.0,3402.5000000000005,0.0,3402.5000000000005,0.0,3280.0,1050.0,0.0,0.0,1121.0,0.0,367.5000000000001,3401.0,0.35
73.0,100,0,10,0.0,550.0,3412.5000000000005,0.0,3412.5000000000005,0.0,3270.0,1050.0,0.0,0.0,1131.0,0.0,367.5000000000001,3401.0,0.35
74.0,100,0,10,0.0,550.0,3422.5000000000005,0.0,3422.5000000000005,0.0,3260.0,1050.0,0.0,0.0,1141.0,0.0,367.5000000000001,3401.0,0.35
75.0,100,0,10,0.0,550.0,3432.5000000000005,0.0,3432.5000000000005,0.0,3250.0,1050.0,0.0,0.0,1151.0,0.0,367.5000000000001,3401.0,0.35
76.0,100,0,10,0.0,550.0,3442.5000000000005,0.0,3442.5000000000005,0.0,3240.0,1050.0,0.0,0.0,1161.0,0.0,367.5000000000001,3401.0,0.35
77.0,100,0,10,0.0,550.0,3452.5000000000005,0.0,3452.5000000000005,0.0,3230.0,1050.0,0.0,0.0,1171.0,0.0,367.5000000000001,3401.0,0.35
78.0,100,0,10,0.0,550.0,3462.5000000000005,0.0,3462.5000000000005,0.0,3220.0,1050.0,0.0,0.0,1181.0,0.0,367.5000000000001,3401.0,0.35
79.0,100,0,10,0.0,550.0,3472.5000000000005,0.0,3472.5000000000005,0.0,3210.0,1050.0,0.0,0.0,1191.0,0.0,367.5000000000001,3401.0,0.35
80.0,100,0,10,0.0,550.0,3482.5000000000005,0.0,3482.5000000000005,0.0,3200.0,1050.0,0.0,0.0,1201.0,0.0,367.5000000000001,3401.0,0.39999999999999997
81.0,100,0,10,0.0,550.0,3492.5000000000005,0.0,3492.5000000000005,0.0,3190.0,1050.0,0.0,0.0,1211.0,0.0,367.5000000000001,3401.0,0.39999999999999997
82.0,100,0,10,0.0,550.0,3502.5000000000005,0.0,3502.5000000000005,0.0,3180.0,1050.0,0.0,0.0,1221.0,0.0,367.5000000000001,3401.0,0.39999999999999997
83.0,100,0,10,0.0,550.0,3512.5000000000005,0.0,3512.5000000000005,0.0,3170.0,1050.0,0.0,0.0,1231.0,0.0,367.5000000000001,3401.0,0.39999999999999997
84.0,100,0,10,0.0,550.0,3522.5000000000005,0.0,3522.5000000000005,0.0,3160.0,1050.0,0.0,0.0,1241.0,0.0,367.5000000000001,3401.0,0.39999999999999997
85.0,100,0,10,0.0,550.0,3532.5000000000005,0.0,3532.5000000000005,0.0,3150.0,1050.0,0.0,0.0,1251.0,0.0,367.5000000000001,3401.0,0.39999999999999997
86.0,100,0,10,0.0,550.0,3542.5000000000005,0.0,3542.5000000000005,0.0,3140.0,1050.0,0.0,0.0,1261.0,0.0,367.5000000000001,3401.0,0.39999999999999997
87.0,100,0,10,0.0,550.0,3552.5000000000005,0.0,3552.5000000000005,0.0,3130.0,1050.0,0.0,0.0,1271.0,0.0,367.5000000000001,3401.0,0.39999999999999997
88.0,100,0,10,0.0,550.0,3562.5000000000005,0.0,3562.5000000000005,0.0,3120.0,1050.0,0.0,0.0,1281.0,0.0,367.5000000000001,3401.0,0.39999999999999997
89.0,100,0,10,0.0,550.0,3572.5000000000005,0.0,3572.5000000000005,0.0,3110.0,1050.0,0.0,0.0,1291.0,0.0,367.5000000000001,3401.0,0.39999999999999997
90.0,100,0,10,0.0,550.0,3582.5000000000005,0.0,3582.5000000000005,0.0,3100.0,1050.0,0.0,0.0,1301.0,0.0,367.5000000000001,3401.0,0.44999999999999996
91.0,100,0,10,0.0,550.0,3592.5000000000005,0.0,3592.5000000000005,0.0,3090.0,1050.0,0.0,0.0,1311.0,0.0,367.5000000000001,3401.0,0.44999999999999996
92.0,100,0,10,0.0,550.0,3602.5000000000005,0.0,3602.5000000000005,0.0,3080.0,1050.0,0.0,0.0,1321.0,0.0,367.5000000000001,3401.0,0.44999999999999996
93.0,100,0,10,0.0,550.0,3612.5000000000005,0.0,3612.5000000000005,0.0,3070.0,1050.0,0.0,0.0,1331.0,0.0,367.5000000000001,3401.0,0.44999999999999996
94.0,100,0,10,0.0,550.0,3622.5000000000005,0.0,3622.5000000000005,0.0,3060.0,1050.0,0.0,0.0,1341.0,0.0,367.5000000000001,3401.0,0.44999999999999996
95.0,100,0,10,0.0,550.0,3632.5000000000005,0.0,3632.5000000000005,0.0,3050.0,1050.0,0.0,0.0,1351.0,0.0,367.5000000000001,3401.0,0.44999999999999996
96.0,100,0,10,0.0,550.0,3642.5000000000005,0.0,3642.5000000000005,0.0,3040.0,1050.0,0.0,0.0,1361.0,0.0,367.5000000000001,3401.0,0.44999999999999996
97.0,100,0,10,0.0,550.0,3652.5000000000005,0.0,3652.5000000000005,0.0,3030.0,1050.0,0.0,0.0,1371.0,0.0,367.5000000000001,3401.0,0.44999999999999996
98.0,100,0,10,0.0,550.0,3662.5000000000005,0.0,3662.5000000000005,0.0,3020.0,1050.0,0.0,0.0,1381.0,0.0,367.5000000000001,3401.0,0.44999999999999996
99.0,100,0,10,0.0,550.0,3672.5000000000005,0.0,3672.5000000000005,0.0,3010.0,1050.0,0.0,0.0,1391.0,0.0,367.5000000000001,3401.0,0.44999999999999996
100.0,100,0,10,0.0,550.0,3682.5000000000005,0.0,3682.5000000000005,0.0,3000.0,1050.0,0.0,0.0,1401.0,0.0,367.5000000000001,3401.0,0.49999999999999994
101.0,100,0,10,0.0,550.0,3692.5000000000005,0.0,3692.5000000000005,0.0,2990.0,1050.0,0.0,0.0,1411.0,0.0,367.5000000000001,3401.0,0.49999999999999994
102.0,100,0,10,0.0,550.0,3702.5000000000005,0.0,3702.5000000000005,0.0,2980.0,1050.0,0.0,0.0,1421.0,0.0,367.5000000000001,3401.0,0.49999999999999994
103.0,100,0,10,0.0,550.0,3712.5000000000005,0.0,3712.5000000000005,0.0,2970.0,1050.0,0.0,0.0,1431.0,0.0,367.5000000000001,3401.0,0.49999999999999994
104.0,100,0,10,0.0,550.0,3722.5000000000005,0.0,3722.5000000000005,0.0,2960.0,1050.0,0.0,0.0,1441.0,0.0,367.5000000000001,3401.0,0.49999999999999994
105.0,100,0,10,0.0,550.0,3732.5000000000005,0.0,3732.5000000000005,0.0,2950.0,1050.0,0.0,0.0,1451.0,0.0,367.5000000000001,3401.0,0.49999999999999994
106.0,100,0,10,0.0,550.0,3742.5000000000005,0.0,3742.5000000000005,0.0,2940.0,1050.0,0.0,0.0,1461.0,0.0,367.5000000000001,3401.0,0.49999999999999994
107.0,100,0,10,0.0,550.0,3752.5000000000005,0.0,3752.5000000000005,0.0,2930.0,1050.0,0.0,0.0,1471.0,0.0,367.5000000000001,3401.0,0.49999999999999994
108.0,100,0,10,0.0,550.0,3762.5000000000005,0.0,3762.5000000000005,0.0,2920.0,1050.0,0.0,0.0,1481.0,0.0,367.5000000000001,3401.0,0.49999999999999994
109.0,100,0,10,0.0,550.0,3772.5000000000005,0.0,3772.5000000000005,0.0,2910.0,1050.0,0.0,0.0,1491.0,0.0,367.5000000000001,3401.0,0.49999999999999994
110.0,100,0,10,0.0,550.0,3782.5000000000005,0.0,3782.5000000000005,0.0,2900.0,1050.0,0.0,0.0,1501.0,0.0,367.5000000000001,3401.0,0.5499999999999999
111.0,100,0,10,0.0,550.0,3792.5000000000005,0.0,3792.5000000000005,0.0,2890.0,1050.0,0.0,0.0,1511.0,0.0,367.5000000000001,3401.0,0.5499999999999999
112.0,100,0,10,0.0,550.0,3802.5000000000005,0.0,3802.5000000000005,0.0,2880.0,1050.0,0.0,0.0,1521.0,0.0,367.5000000000001,3401.0,0.5499999999999999
113.0,100,0,10,0.0,550.0,3812.5000000000005,0.0,3812.5000000000005,0.0,2870.0,1050.0,0.0,0.0,1531.0,0.0,367.5000000000001,3401.0,0.5499999999999999
114.0,100,0,10,0.0,550.0,3822.5000000000005,0.0,3822.5000000000005,0.0,2860.0,1050.0,0.0,0.0,1541.0,0.0,367.5000000000001,3401.0,0.5499999999999999
115.0,100,0,10,0.0,550.0,3832.5000000000005,0.0,3832.5000000000005,0.0,2850.0,1050.0,0.0,0.0,1551.0,0.0,367.5000000000001,3401.0,0.5499999999999999
116.0,100,0,10,0.0,550.0,3842.5000000000005,0.0,3842.5000000000005,0.0,2840.0,1050.0,0.0,0.0,1561.0,0.0,367.5000000000001,3401.0,0.5499999999999999
117.0,100,0,10,0.0,550.0,3852.5000000000005,0.0,3852.5000000000005,0.0,2830.0,1050.0,0.0,0.0,1571.0,0.0,367.5000000000001,3401.0,0.5499999999999999
118.0,100,0,10,0.0,550.0,3862.5000000000005,0.0,3862.5000000000005,0.0,2820.0,1050.0,0.0,0.0,1581.0,0.0,367.5000000000001,3401.0,0.5499999999999999
119.0,100,0,10,0.0,550.0,3872.5000000000005,0.0,3872.5000000000005,0.0,2810.0,1050.0,0.0,0.0,1591.0,0.0,367.5000000000001,3401.0,0.5499999999999999
120.0,100,0,10,0.0,550.0,3882.5000000000005,0.0,3882.5000000000005,0.0,2800.0,1050.0,0.0,0.0,1601.0,0.0,367.5000000000001,3401.0,0.6
121.0,100,0,10,0.0,550.0,3892.5000000000005,0.0,3892.5000000000005,0.0,2790.0,1050.0,0.0,0.0,1611.0,0.0,367.5000000000001,3401.0,0.6
122.0,100,0,10,0.0,550.0,3902.5000000000005,0.0,3902.5000000000005,0.0,2780.0,1050.0,0.0,0.0,1621.0,0.0,367.5000000000001,3401.0,0.6
123.0,100,0,10,0.0,550.0,3912.5000000000005,0.0,3912.5000000000005,0.0,2770.0,1050.0,0.0,0.0,1631.0,0.0,367.5000000000001,3401.0,0.6
124.0,100,0,10,0.0,550.0,3922.5000000000005,0.0,3922.5000000000005,0.0,2760.0,1050.0,0.0,0.0,1641.0,0.0,367.5000000000001,3401.0,0.6
125.0,100,0,10,0.0,550.0,3932.5000000000005,0.0,3932.5000000000005,0.0,2750.0,1050.0,0.0,0.0,1651.0,0.0,367.5000000000001,3401.0,0.6
126.0,100,0,10,0.0,550.0,3942.5000000000005,0.0,3942.5000000000005,0.0,2740.0,1050.0,0.0,0.0,1661.0,0.0,367.5000000000001,3401.0,0.6
127.0,100,0,10,0.0,550.0,3952.5000000000005,0.0,3952.5000000000005,0.0,2730.0,1050.0,0.0,0.0,1671.0,0.0,367.5000000000001,3401.0,0.6
128.0,100,0,10,0.0,550.0,3962.5000000000005,0.0,3962.5000000000005,0.0,2720.0,1050.0,0.0,0.0,1681.0,0.0,367.5000000000001,3401.0,0.6
129.0,100,0,10,0.0,550.0,3972.5000000000005,0.0,3972.5000000000005,0.0,2710.0,1050.0,0.0,0.0,1691.0,0.0,367.5000000000001,3401.0,0.6
130.0,100,0,10,0.0,550.0,3982.5000000000005,0.0,3982.5000000000005,0.0,2700.0,1050.0,0.0,0.0,1701.0,0.0,367.5000000000001,3401.0,0.65
131.0,100,0,10,0.0,550.0,3992.5000000000005,0.0,3992.5000000000005,0.0,2690.0,1050.0,0.0,0.0,1711.0,0.0,367.5000000000001,3401.0,0.65
132.0,100,0,10,0.0,550.0,4002.5000000000005,0.0,4002.5000000000005,0.0,2680.0,1050.0,0.0,0.0,1721.0,0.0,367.5000000000001,3401.0,0.65
133.0,100,0,10,0.0,550.0,4012.5000000000005,0.0,4012.5000000000005,0.0,2670.0,1050.0,0.0,0.0,1731.0,0.0,367.5000000000001,3401.0,0.65
134.0,100,0,10,0.0,550.0,4022.5000000000005,0.0,4022.5000000000005,0.0,2660.0,1050.0,0.0,0.0,1741.0,0.0,367.5000000000001,3401.0,0.65
135.0,100,0,10,0.0,550.0,4032.5000000000005,0.0,4032.5000000000005,0.0,2650.0,1050.0,0.0,0.0,1751.0,0.0,367.5000000000001,3401.0,0.65
136.0,100,0,10,0.0,550.0,4042.5000000000005,0.0,4042.5000000000005,0.0,2640.0,1050.0,0.0,0.0,1761.0,0.0,367.5000000000001,3401.0,0.65
137.0,100,0,10,0.0,550.0,4052.5000000000005,0.0,4052.5000000000005,0.0,2630.0,1050.0,0.0,0.0,1771.0,0.0,367.5000000000001,3401.0,0.65
138.0,100,0,10,0.0,550.0,4062.5000000000005,0.0,4062.5000000000005,0.0,2620.0,1050.0,0.0,0.0,1781.0,0.0,367.5000000000001,3401.0,0.65
139.0,100,0,10,0.0,550.0,4072.5000000000005,0.0,4072.5000000000005,0.0,2610.0,1050.0,0.0,0.0,1791.0,0.0,367.5000000000001,3401.0,0.65
140.0,100,0,10,0.0,550.0,4082.5000000000005,0.0,4082.5000000000005,0.0,2600.0,1050.0,0.0,0.0,1801.0,0.0,367.5000000000001,3401.0,0.7000000000000001
141.0,100,0,10,0.0,550.0,4092.5000000000005,0.0,4092.5000000000005,0.0,2590.0,1050.0,0.0,0.0,1811.0,0.0,367.5000000000001,3401.0,0.7000000000000001
142.0,100,0,10,0.0,550.0,4102.5,0.0,4102.5,0.0,2580.0,1050.0,0.0,0.0,1821.0,0.0,367.5000000000001,3401.0,0.7000000000000001
143.0,100,0,10,0.0,550.0,4112.5,0.0,4112.5,0.0,2570.0,1050.0,0.0,0.0,1831.0,0.0,367.5000000000001,3401.0,0.7000000000000001
144.0,100,0,10,0.0,550.0,4122.5,0.0,4122.5,0.0,2560.0,1050.0,0.0,0.0,1841.0,0.0,367.5000000000001,3401.0,0.7000000000000001
145.0,100,0,10,0.0,550.0,4132.5,0.0,4132.5,0.0,2550.0,1050.0,0.0,0.0,1851.0,0.0,367.5000000000001,3401.0,0.7000000000000001
146.0,100,0,10,0.0,550.0,4142.5,0.0,4142.5,0.0,2540.0,1050.0,0.0,0.0,1861.0,0.0,367.5000000000001,3401.0,0.7000000000000001
147.0,100,0,10,0.0,550.0,4152.5,0.0,4152.5,0.0,2530.0,1050.0,0.0,0.0,1871.0,0.0,367.5000000000001,3401.0,0.7000000000000001
148.0,100,0,10,0.0,550.0,4162.5,0.0,4162.5,0.0,2520.0,1050.0,0.0,0.0,1881.0,0.0,367.5000000000001,3401.0,0.7000000000000001
149.0,100,0,10,0.0,550.0,4172.5,0.0,4172.5,0.0,2510.0,1050.0,0.0,0.0,1891.0,0.0,367.5000000000001,3401.0,0.7000000000000001
150.0,100,0,10,0.0,550.0,4182.5,0.0,4182.5,0.0,2500.0,1050.0,0.0,0.0,1901.0,0.0,367.5000000000001,3401.0,0.7500000000000001
151.0,100,0,10,0.0,550.0,4192.5,0.0,4192.5,0.0,2490.0,1050.0,0.0,0.0,1911.0,0.0,367.5000000000001,3401.0,0.7500000000000001
152.0,100,0,10,0.0,550.0,4202.5,0.0,4202.5,0.0,2480.0,1050.0,0.0,0.0,1921.0,0.0,367.5000000000001,3401.0,0.7500000000000001
153.0,100,0,10,0.0,550.0,4212.5,0.0,4212.5,0.0,2470.0,1050.0,0.0,0.0,1931.0,0.0,367.5000000000001,3401.0,0.7500000000000001
154.0,100,0,10,0.0,550.0,4222.5,0.0,4222.5,0.0,2460.0,1050.0,0.0,0.0,1941.0,0.0,367.5000000000001,3401.0,0.7500000000000001
155.0,100,0,10,0.0,550.0,4232.5,0.0,4232.5,0.0,2450.0,1050.0,0.0,0.0,1951.0,0.0,367.5000000000001,3401.0,0.7500000000000001
156.0,100,0,10,0.0,550.0,4242.5,0.0,4242.5,0.0,2440.0,1050.0,0.0,0.0,1961.0,0.0,367.5000000000001,3401.0,0.7500000000000001
157.0,100,0,10,0.0,550.0,4252.5,0.0,4252.5,0.0,2430.0,1050.0,0.0,0.0,1971.0,0.0,367.5000000000001,3401.0,0.7500000000000001
158.0,100,0,10,0.0,550.0,4262.5,0.0,4262.5,0.0,2420.0,1050.0,0.0,0.0,1981.0,0.0,367.5000000000001,3401.0,0.7500000000000001
159.0,100,0,10,0.0,550.0,4272.5,0.0,4272.5,0.0,2410.0,1050.0,0.0,0.0,1991.0,0.0,367.5000000000001,3401.0,0.7500000000000001
160.0,100,0,10,0.0,550.0,4282.5,0.0,4282.5,0.0,2400.0,1050.0,0.0,0.0,2001.0,0.0,367.5000000000001,3401.0,0.8000000000000002
161.0,100,0,10,0.0,550.0,4292.5,0.0,4292.5,0.0,2390.0,1050.0,0.0,0.0,2011.0,0.0,367.5000000000001,3401.0,0.8000000000000002
162.0,100,0,10,0.0,550.0,4302.5,0.0,4302.5,0.0,2380.0,1050.0,0.0,0.0,2021.0,0.0,367.5000000000001,3401.0,0.8000000000000002
163.0,100,0,10,0.0,550.0,4312.5,0.0,4312.5,0.0,2370.0,1050.0,0.0,0.0,2031.0,0.0,367.5000000000001,3401.0,0.8000000000000002
164.0,100,0,10,0.0,550.0,4322.5,0.0,4322.5,0.0,2360.0,1050.0,0.0,0.0,2041.0,0.0,367.5000000000001,3401.0,0.8000000000000002
165.0,100,0,10,0.0,550.0,4332.5,0.0,4332.5,0.0,2350.0,1050.0,0.0,0.0,2051.0,0.0,367.5000000000001,3401.0,0.8000000000000002
166.0,100,0,10,0.0,550.0,4342.5,0.0,4342.5,0.0,2340.0,1050.0,0.0,0.0,2061.0,0.0,367.5000000000001,3401.0,0.8000000000000002
167.0,100,0,10,0.0,550.0,4352.5,0.0,4352.5,0.0,2330.0,1050.0,0.0,0.0,2071.0,0.0,367.5000000000001,3401.0,0.8000000000000002
168.0,100,0,10,0.0,550.0,4362.5,0.0,4362.5,0.0,2320.0,1050.0,0.0,0.0,2081.0,0.0,367.5000000000001,3401.0,0.8000000000000002
169.0,100,0,10,0.0,550.0,4372.5,0.0,4372.5,0.0,2310.0,1050.0,0.0,0.0,2091.0,0.0,367.5000000000001,3401.0,0.8000000000000002
170.0,100,0,10,0.0,550.0,4382.5,0.0,4382.5,0.0,2300.0,1050.0,0.0,0.0,2101.0,0.0,367.5000000000001,3401.0,0.8500000000000002
171.0,100,0,10,0.0,550.0,4392.5,0.0,4392.5,0.0,2290.0,1050.0,0.0,0.0,2111.0,0.0,367.5000000000001,3401.0,0.8500000000000002
172.0,100,0,10,0.0,550.0,4402.5,0.0,4402.5,0.0,2280.0,1050.0,0.0,0.0,2121.0,0.0,367.5000000000001,3401.0,0.8500000000000002
173.0,100,0,10,0.0,550.0,4412.5,0.0,4412.5,0.0,2270.0,1050.0,0.0,0.0,2131.0,0.0,367.5000000000001,3401.0,0.8500000000000002
174.0,100,0,10,0.0,550.0,4422.5,0.0,4422.5,0.0,2260.0,1050.0,0.0,0.0,2141.0,0.0,367.5000000000001,3401.0,0.8500000000000002
175.0,100,0,10,0.0,550.0,4432.5,0.0,4432.5,0.0,2250.0,1050.0,0.0,0.0,2151.0,0.0,367.5000000000001,3401.0,0.8500000000000002
176.0,100,0,10,0.0,550.0,4442.5,0.0,4442.5,0.0,2240.0,1050.0,0.0,0.0,2161.0,0.0,367.5000000000001,3401.0,0.8500000000000002
177.0,100,0,10,0.0,550.0,4452.5,0.0,4452.5,0.0,2230.0,1050.0,0.0,0.0,2171.0,0.0,367.5000000000001,3401.0,0.8500000000000002
178.0,100,0,10,0.0,550.0,4462.5,0.0,4462.5,0.0,2220.0,1050.0,0.0,0.0,2181.0,0.0,367.5000000000001,3401.0,0.8500000000000002
179.0,100,0,10,0.0,550.0,4472.5,0.0,4472.5,0.0,2210.0,1050.0,0.0,0.0,2191.0,0.0,367.5000000000001,3401.0,0.8500000000000002
180.0,100,0,10,0.0,550.0,4482.5,0.0,4482.5,0.0,2200.0,1050.0,0.0,0.0,2201.0,0.0,367.5000000000001,3401.0,0.9000000000000002
181.0,100,0,10,0.0,550.0,4492.5,0.0,4492.5,0.0,2190.0,1050.0,0.0,0.0,2211.0,0.0,367.5000000000001,3401.0,0.9000000000000002
182.0,100,0,10,0.0,550.0,4502.5,0.0,4502.5,0.0,2180.0,1050.0,0.0,0.0,2221.0,0.0,367.5000000000001,3401.0,0.9000000000000002
183.0,100,0,10,0.0,550.0,4512.5,0.0,4512.5,0.0,2170.0,1050.0,0.0,0.0,2231.0,0.0,367.5000000000001,3401.0,0.9000000000000002
184.0,100,0,10,0.0,550.0,4522.5,0.0,4522.5,0.0,2160.0,1050.0,0.0,0.0,2241.0,0.0,367.5000000000001,3401.0,0.9000000000000002
185.0,100,0,10,0.0,550.0,4532.5,0.0,4532.5,0.0,2150.0,1050.0,0.0,0.0,2251.0,0.0,367.5000000000001,3401.0,0.9000000000000002
186.0,100,0,10,0.0,550.0,4542.5,0.0,4542.5,0.0,2140.0,1050.0,0.0,0.0,2261.0,0.0,367.5000000000001,3401.0,0.9000000000000002
187.0,100,0,10,0.0,550.0,4552.5,0.0,4552.5,0.0,2130.0,1050.0,0.0,0.0,2271.0,0.0,367.5000000000001,3401.0,0.9000000000000002
188.0,100,0,10,0.0,550.0,4562.5,0.0,4562.5,0.0,2120.0,1050.0,0.0,0.0,2281.0,0.0,367.5000000000001,3401.0,0.9000000000000002
189.0,100,0,10,0.0,550.0,4572.5,0.0,4572.5,0.0,2110.0,1050.0,0.0,0.0,2291.0,0.0,367.5000000000001,3401.0,0.9000000000000002
190.0,100,0,10,0.0,550.0,4582.5,0.0,4582.5,0.0,2100.0,1050.0,0.0,0.0,2301.0,0.0,367.5000000000001,3401.0,0.9500000000000003
191.0,100,0,10,0.0,550.0,4592.5,0.0,4592.5,0.0,2090.0,1050.0,0.0,0.0,2311.0,0.0,367.5000000000001,3401.0,0.9500000000000003
192.0,100,0,10,0.0,550.0,4602.5,0.0,4602.5,0.0,2080.0,1050.0,0.0,0.0,2321.0,0.0,367.5000000000001,3401.0,0.9500000000000003
193.0,100,0,10,0.0,550.0,4612.5,0.0,4612.5,0.0,2070.0,1050.0,0.0,0.0,2331.0,0.0,367.5000000000001,3401.0,0.9500000000000003
194.0,100,0,10,0.0,550.0,4622.5,0.0,4622.5,0.0,2060.0,1050.0,0.0,0.0,2341.0,0.0,367.5000000000001,3401.0,0.9500000000000003
195.0,100,0,10,0.0,550.0,4632.5,0.0,4632.5,0.0,2050.0,1050.0,0.0,0.0,2351.0,0.0,367.5000000000001,3401.0,0.9500000000000003
196.0,100,0,10,0.0,550.0,4642.5,0.0,4642.5,0.0,2040.0,1050.0,0.0,0.0,2361.0,0.0,367.5000000000001,3401.0,0.9500000000000003
197.0,100,0,10,0.0,550.0,4652.5,0.0,4652.5,0.0,2030.0,1050.0,0.0,0.0,2371.0,0.0,367.5000000000001,3401.0,0.9500000000000003
198.0,100,0,10,0.0,550.0,4662.5,0.0,4662.5,0.0,2020.0,1050.0,0.0,0.0,2381.0,0.0,367.5000000000001,3401.0,0.9500000000000003
199.0,100,0,10,0.0,550.0,4672.5,0.0,4672.5,0.0,2010.0,1050.0,0.0,0.0,2391.0,0.0,367.5000000000001,3401.0,0.9500000000000003
200.0,100,0,10,0.0,550.0,4682.5,0.0,4682.5,0.0,2000.0,1050.0,0.0,0.0,2401.0,0.0,367.5000000000001,3401.0,1.0000000000000002
201.0,100,0,10,0.0,550.0,4692.5,0.0,4692.5,0.0,1990.0,1050.0,0.0,0.0,2411.0,0.0,367.5000000000001,3401.0,1.0000000000000002
202.0,100,0,10,0.0,550.0,4702.5,0.0,4702.5,0.0,1980.0,1050.0,0.0,0.0,2421.0,0.0,367.5000000000001,3401.0,1.0000000000000002
203.0,100,0,10,0.0,550.0,4712.5,0.0,4712.5,0.0,1970.0,1050.0,0.0,0.0,2431.0,0.0,367.5000000000001,3401.0,1.0000000000000002
204.0,100,0,10,0.0,550.0,4722.5,0.0,4722.5,0.0,1960.0,1050.0,0.0,0.0,2441.0,0.0,367.5000000000001,3401.0,1.0000000000000002
205.0,100,0,10,0.0,550.0,4732.5,0.0,4732.5,0.0,1950.0,1050.0,0.0,0.0,2451.0,0.0,367.5000000000001,3401.0,1.0000000000000002
206.0,100,0,10,0.0,550.0,4742.5,0.0,4742.5,0.0,1940.0,1050.0,0.0,0.0,2461.0,0.0,367.5000000000001,3401.0,1.0000000000000002
207.0,100,0,10,0.0,550.0,4752.5,0.0,4752.5,0.0,1930.0,1050.0,0.0,0.0,2471.0,0.0,367.5000000000001,3401.0,1.0000000000000002
208.0,100,0,10,0.0,550.0,4762.5,0.0,4762.5,0.0,1920.0,1050.0,0.0,0.0,2481.0,0.0,367.5000000000001,3401.0,1.0000000000000002
209.0,100,0,10,0.0,550.0,4772.5,0.0,4772.5,0.0,1910.0,1050.0,0.0,0.0,2491.0,0.0,367.5000000000001,3401.0,1.0000000000000002
210.0,100,0,10,0.0,550.0,4782.5,0.0,4782.5,0.0,1900.0,1050.0,0.0,0.0,2501.0,0.0,367.5000000000001,3401.0,1.0500000000000003
211.0,100,0,10,0.0,550.0,4792.5,0.0,4792.5,0.0,1890.0,1050.0,0.0,0.0,2511.0,0.0,367.5000000000001,3401.0,1.0500000000000003
212.0,100,0,10,0.0,550.0,4802.5,0.0,4802.5,0.0,1880.0,1050.0,0.0,0.0,2521.0,0.0,367.5000000000001,3401.0,1.0500000000000003
213.0,100,0,10,0.0,550.0,4812.5,0.0,4812.5,0.0,1870.0,1050.0,0.0,0.0,2531.0,0.0,367.5000000000001,3401.0,1.0500000000000003
214.0,100,0,10,0.0,550.0,4822.5,0.0,4822.5,0.0,1860.0,1050.0,0.0,0.0,2541.0,0.0,367.5000000000001,3401.0,1.0500000000000003
215.0,100,0,10,0.0,550.0,4832.5,0.0,4832.5,0.0,1850.0,1050.0,0.0,0.0,2551.0,0.0,367.5000000000001,3401.0,1.0500000000000003
216.0,100,0,10,0.0,550.0,4842.5,0.0,4842.5,0.0,1840.0,1050.0,0.0,0.0,2561.0,0.0,367.5000000000001,3401.0,1.0500000000000003
217.0,100,0,10,0.0,550.0,4852.5,0.0,4852.5,0.0,1830.0,1050.0,0.0,0.0,2571.0,0.0,367.5000000000001,3401.0,1.0500000000000003
218.0,100,0,10,0.0,550.0,4862.5,0.0,4862.5,0.0,1820.0,1050.0,0.0,0.0,2581.0,0.0,367.5000000000001,3401.0,1.0500000000000003
219.0,100,0,10,0.0,550.0,4872.5,0.0,4872.5,0.0,1810.0,1050.0,0.0,0.0,2591.0,0.0,367.5000000000001,3401.0,1.0500000000000003
220.0,100,0,10,0.0,550.0,4882.5,0.0,4882.5,0.0,1800.0,1050.0,0.0,0.0,2601.0,0.0,367.5000000000001,3401.0,1.1000000000000003
221.0,100,0,10,0.0,550.0,4892.5,0.0,4892.5,0.0,1790.0,1050.0,0.0,0.0,2611.0,0.0,367.5000000000001,3401.0,1.1000000000000003
222.0,100,0,10,0.0,550.0,4902.5,0.0,4902.5,0.0,1780.0,1050.0,0.0,0.0,2621.0,0.0,367.5000000000001,3401.0,1.1000000000000003
223.0,100,0,10,0.0,550.0,4912.5,0.0,4912.5,0.0,1770.0,1050.0,0.0,0.0,2631.0,0.0,367.5000000000001,3401.0,1.1000000000000003
224.0,100,0,10,0.0,550.0,4922.5,0.0,4922.5,0.0,1760.0,1050.0,0.0,0.0,2641.0,0.0,367.5000000000001,3401.0,1.1000000000000003
225.0,100,0,10,0.0,550.0,4932.5,0.0,4932.5,0.0,1750.0,1050.0,0.0,0.0,2651.0,0.0,367.5000000000001,3401.0,1.1000000000000003
226.0,100,0,10,0.0,550.0,4942.5,0.0,4942.5,0.0,1740.0,1050.0,0.0,0.0,2661.0,0.0,367.5000000000001,3401.0,1.1000000000000003
227.0,100,0,10,0.0,550.0,4952.5,0.0,4952.5,0.0,1730.0,1050.0,0.0,0.0,2671.0,0.0,367.5000000000001,3401.0,1.1000000000000003
228.0,100,0,10,0.0,550.0,4962.5,0.0,4962.5,0.0,1720.0,1050.0,0.0,0.0,2681.0,0.0,367.5000000000001,3401.0,1.1000000000000003
229.0,100,0,10,0.0,550.0,4972.5,0.0,4972.5,0.0,1710.0,1050.0,0.0,0.0,2691.0,0.0,367.5000000000001,3401.0,1.1000000000000003
230.0,100,0,10,0.0,550.0,4982.5,0.0,4982.5,0.0,1700.0,1050.0,0.0,0.0,2701.0,0.0,367.5000000000001,3401.0,1.1500000000000004
231.0,100,0,10,0.0,550.0,4992.5,0.0,4992.5,0.0,1690.0,1050.0,0.0,0.0,2711.0,0.0,367.5000000000001,3401.0,1.1500000000000004
232.0,100,0,10,0.0,550.0,5002.5,0.0,5002.5,0.0,1680.0,1050.0,0.0,0.0,2721.0,0.0,367.5000000000001,3401.0,1.1500000000000004
233.0,100,0,10,0.0,550.0,5012.5,0.0,5012.5,0.0,1670.0,1050.0,0.0,0.0,2731.0,0.0,367.5000000000001,3401.0,1.1500000000000004
234.0,100,0,10,0.0,550.0,5022.5,0.0,5022.5,0.0,1660.0,1050.0,0.0,0.0,2741.0,0.0,367.5000000000001,3401.0,1.1500000000000004
235.0,100,0,10,0.0,550.0,5032.5,0.0,5032.5,0.0,1650.0,1050.0,0.0,0.0,2751.0,0.0,367.5000000000001,3401.0,1.1500000000000004
236.0,100,0,10,0.0,550.0,5042.5,0.0,5042.5,0.0,1640.0,1050.0,0.0,0.0,2761.0,0.0,367.5000000000001,3401.0,1.1500000000000004
237.0,100,0,10,0.0,550.0,5052.5,0.0,5052.5,0.0,1630.0,1050.0,0.0,0.0,2771.0,0.0,367.5000000000001,3401.0,1.1500000000000004
238.0,100,0,10,0.0,550.0,5062.5,0.0,5062.5,0.0,1620.0,1050.0,0.0,0.0,2781.0,0.0,367.5000000000001,3401.0,1.1500000000000004
239.0,100,0,10,0.0,550.0,5072.5,0.0,5072.5,0.0,1610.0,1050.0,0.0,0.0,2791.0,0.0,367.5000000000001,3401.0,1.1500000000000004
240.0,100,0,10,0.0,550.0,5082.5,0.0,5082.5,0.0,1600.0,1050.0,0.0,0.0,2801.0,0.0,367.5000000000001,3401.0,1.2000000000000004
241.0,100,0,10,0.0,550.0,5092.5,0.0,5092.5,0.0,1590.0,1050.0,0.0,0.0,2811.0,0.0,367.5000000000001,3401.0,1.2000000000000004
242.0,100,0,10,0.0,550.0,5102.5,0.0,5102.5,0.0,1580.0,1050.0,0.0,0.0,2821.0,0.0,367.5000000000001,3401.0,1.2000000000000004
243.0,100,0,10,0.0,550.0,5112.5,0.0,5112.5,0.0,1570.0,1050.0,0.0,0.0,2831.0,0.0,367.5000000000001,3401.0,1.2000000000000004
244.0,100,0,10,0.0,550.0,5122.5,0.0,5122.5,0.0,1560.0,1050.0,0.0,0.0,2841.0,0.0,367.5000000000001,3401.0,1.2000000000000004
245.0,100,0,10,0.0,550.0,5132.5,0.0,5132.5,0.0,1550.0,1050.0,0.0,0.0,2851.0,0.0,367.5000000000001,3401.0,1.2000000000000004
246.0,100,0,10,0.0,550.0,5142.5,0.0,5142.5,0.0,1540.0,1050.0,0.0,0.0,2861.0,0.0,367.5000000000001,3401.0,1.2000000000000004
247.0,100,0,10,0.0,550.0,5152.5,0.0,5152.5,0.0,1530.0,1050.0,0.0,0.0,2871.0,0.0,367.5000000000001,3401.0,1.2000000000000004
248.0,100,0,10,0.0,550.0,5162.5,0.0,5162.5,0.0,1520.0,1050.0,0.0,0.0,2881.0,0.0,367.5000000000001,3401.0,1.2000000000000004
249.0,100,0,10,0.0,550.0,5172.5,0.0,5172.5,0.0,1510.0,1050.0,0.0,0.0,2891.0,0.0,367.5000000000001,3401.0,1.2000000000000004
250.0,100,0,10,0.0,550.0,5182.5,0.0,5182.5,0.0,1500.0,1050.0,0.0,0.0,2901.0,0.0,367.5000000000001,3401.0,1.2500000000000004
251.0,100,0,10,0.0,550.0,5192.5,0.0,5192.5,0.0,1490.0,1050.0,0.0,0.0,2911.0,0.0,367.5000000000001,3401.0,1.2500000000000004
252.0,100,0,10,0.0,550.0,5202.5,0.0,5202.5,0.0,1480.0,1050.0,0.0,0.0,2921.0,0.0,367.5000000000001,3401.0,1.2500000000000004
253.0,100,0,10,0.0,550.0,5212.5,0.0,5212.5,0.0,1470.0,1050.0,0.0,0.0,2931.0,0.0,367.5000000000001,3401.0,1.2500000000000004
254.0,100,0,10,0.0,550.0,5222.5,0.0,5222.5,0.0,1460.0,1050.0,0.0,0.0,2941.0,0.0,367.5000000000001,3401.0,1.2500000000000004
255.0,100,0,10,0.0,550.0,5232.5,0.0,5232.5,0.0,1450.0,1050.0,0.0,0.0,2951.0,0.0,367.5000000000001,3401.0,1.2500000000000004
256.0,100,0,10,0.0,550.0,5242.5,0.0,5242.5,0.0,1440.0,1050.0,0.0,0.0,2961.0,0.0,367.5000000000001,3401.0,1.2500000000000004
257.0,100,0,10,0.0,550.0,5252.5,0.0,5252.5,0.0,1430.0,1050.0,0.0,0.0,2971.0,0.0,367.5000000000001,3401.0,1.2500000000000004
258.0,100,0,10,0.0,550.0,5262.5,0.0,5262.5,0.0,1420.0,1050.0,0.0,0.0,2981.0,0.0,367.5000000000001,3401.0,1.2500000000000004
259.0,100,0,10,0.0,550.0,5272.5,0.0,5272.5,0.0,1410.0,1050.0,0.0,0.0,2991.0,0.0,367.5000000000001,3401.0,1.2500000000000004
260.0,100,0,10,0.0,550.0,5282.5,0.0,5282.5,0.0,1400.0,1050.0,0.0,0.0,3001.0,0.0,367.5000000000001,3401.0,1.3000000000000005
261.0,100,0,10,0.0,550.0,5292.5,0.0,5292.5,0.0,1390.0,1050.0,0.0,0.0,3011.0,0.0,367.5000000000001,3401.0,1.3000000000000005
262.0,100,0,10,0.0,550.0,5302.5,0.0,5302.5,0.0,1380.0,1050.0,0.0,0.0,3021.0,0.0,367.5000000000001,3401.0,1.3000000000000005
263.0,100,0,10,0.0,550.0,5312.5,0.0,5312.5,0.0,1370.0,1050.0,0.0,0.0,3031.0,0.0,367.5000000000001,3401.0,1.3000000000000005
264.0,100,0,10,0.0,550.0,5322.5,0.0,5322.5,0.0,1360.0,1050.0,0.0,0.0,3041.0,0.0,367.5000000000001,3401.0,1.3000000000000005
265.0,100,0,10,0.0,550.0,5332.5,0.0,5332.5,0.0,1350.0,1050.0,0.0,0.0,3051.0,0.0,367.5000000000001,3401.0,1.3000000000000005
266.0,100,0,10,0.0,550.0,5342.5,0.0,5342.5,0.0,1340.0,1050.0,0.0,0.0,3061.0,0.0,367.5000000000001,3401.0,1.3000000000000005
267.0,100,0,10,0.0,550.0,5352.5,0.0,5352.5,0.0,1330.0,1050.0,0.0,0.0,3071.0,0.0,367.5000000000001,3401.0,1.3000000000000005
268.0,100,0,10,0.0,550.0,5362.5,0.0,5362.5,0.0,1320.0,1050.0,0.0,0.0,3081.0,0.0,367.5000000000001,3401.0,1.3000000000000005
269.0,100,0,10,0.0,550.0,5372.5,0.0,5372.5,0.0,1310.0,1050.0,0.0,0.0,3091.0,0.0,367.5000000000001,3401.0,1.3000000000000005
270.0,100,0,10,0.0,550.0,5382.5,0.0,5382.5,0.0,1300.0,1050.0,0.0,0.0,3101.0,0.0,367.5000000000001,3401.0,1.3500000000000005
271.0,100,0,10,0.0,550.0,5392.5,0.0,5392.5,0.0,1290.0,1050.0,0.0,0.0,3111.0,0.0,367.5000000000001,3401.0,1.3500000000000005
272.0,100,0,10,0.0,550.0,5402.5,0.0,5402.5,0.0,1280.0,1050.0,0.0,0.0,3121.0,0.0,367.5000000000001,3401.0,1.3500000000000005
273.0,100,0,10,0.0,550.0,5412.5,0.0,5412.5,0.0,1270.0,1050.0,0.0,0.0,3131.0,0.0,367.5000000000001,3401.0,1.3500000000000005
274.0,100,0,10,0.0,550.0,5422.5,0.0,5422.5,0.0,1260.0,1050.0,0.0,0.0,3141.0,0.0,367.5000000000001,3401.0,1.3500000000000005
275.0,100,0,10,0.0,550.0,5432.5,0.0,5432.5,0.0,1250.0,1050.0,0.0,0.0,3151.0,0.0,367.5000000000001,3401.0,1.3500000000000005
276.0,100,0,10,0.0,550.0,5442.5,0.0,5442.5,0.0,1240.0,1050.0,0.0,0.0,3161.0,0.0,367.5000000000001,3401.0,1.3500000000000005
277.0,100,0,10,0.0,550.0,5452.5,0.0,5452.5,0.0,1230.0,1050.0,0.0,0.0,3171.0,0.0,367.5000000000001,3401.0,1.3500000000000005
278.0,100,0,10,0.0,550.0,5462.5,0.0,5462.5,0.0,1220.0,1050.0,0.0,0.0,3181.0,0.0,367.5000000000001,3401.0,1.3500000000000005
279.0,100,0,10,0.0,550.0,5472.5,0.0,5472.5,0.0,1210.0,1050.0,0.0,0.0,3191.0,0.0,367.5000000000001,3401.0,1.3500000000000005
280.0,100,0,10,0.0,550.0,5482.5,0.0,5482.5,0.0,1200.0,1050.0,0.0,0.0,3201.0,0.0,367.5000000000001,3401.0,1.4000000000000006
281.0,100,0,10,0.0,550.0,5492.5,0.0,5492.5,0.0,1190.0,1050.0,0.0,0.0,3211.0,0.0,367.5000000000001,3401.0,1.4000000000000006
282.0,100,0,10,0.0,550.0,5502.5,0.0,5502.5,0.0,1180.0,1050.0,0.0,0.0,3221.0,0.0,367.5000000000001,3401.0,1.4000000000000006
283.0,100,0,10,0.0,550.0,5512.5,0.0,5512.5,0.0,1170.0,1050.0,0.0,0.0,3231.0,0.0,367.5000000000001,3401.0,1.4000000000000006
284.0,100,0,10,0.0,550.0,5522.5,0.0,5522.5,0.0,1160.0,1050.0,0.0,0.0,3241.0,0.0,367.5000000000001,3401.0,1.4000000000000006
285.0,100,0,10,0.0,550.0,5532.5,0.0,5532.5,0.0,1150.0,1050.0,0.0,0.0,3251.0,0.0,367.5000000000001,3401.0,1.4000000000000006
286.0,100,0,10,0.0,550.0,5542.5,0.0,5542.5,0.0,1140.0,1050.0,0.0,0.0,3261.0,0.0,367.5000000000001,3401.0,1.4000000000000006
287.0,100,0,10,0.0,550.0,5552.5,0.0,5552.5,0.0,1130.0,1050.0,0.0,0.0,3271.0,0.0,367.5000000000001,3401.0,1.4000000000000006
288.0,100,0,10,0.0,550.0,5562.5,0.0,5562.5,0.0,1120.0,1050.0,0.0,0.0,3281.0,0.0,367.5000000000001,3401.0,1.4000000000000006
289.0,100,0,10,0.0,550.0,5572.5,0.0,5572.5,0.0,1110.0,1050.0,0.0,0.0,3291.0,0.0,367.5000000000001,3401.0,1.4000000000000006
290.0,100,0,10,0.0,550.0,5582.5,0.0,5582.5,0.0,1100.0,1050.0,0.0,0.0,3301.0,0.0,367.5000000000001,3401.0,1.4500000000000006
291.0,100,0,10,0.0,550.0,5592.5,0.0,5592.5,0.0,1090.0,1050.0,0.0,0.0,3311.0,0.0,367.5000000000001,3401.0,1.4500000000000006
292.0,100,0,10,0.0,550.0,5602.5,0.0,5602.5,0.0,1080.0,1050.0,0.0,0.0,3321.0,0.0,367.5000000000001,3401.0,1.4500000000000006
293.0,100,0,10,0.0,550.0,5612.5,0.0,5612.5,0.0,1070.0,1050.0,0.0,0.0,3331.0,0.0,367.5000000000001,3401.0,1.4500000000000006
294.0,100,0,10,0.0,550.0,5622.5,0.0,5622.5,0.0,1060.0,1050.0,0.0,0.0,3341.0,0.0,367.5000000000001,3401.0,1.4500000000000006
295.0,100,0,10,0.0,550.0,5632.5,0.0,5632.5,0.0,1050.0,1050.0,0.0,0.0,3351.0,0.0,367.5000000000001,3401.0,1.4500000000000006
296.0,100,0,10,0.0,550.0,5642.5,0.0,5642.5,0.0,1040.0,1050.0,0.0,0.0,3361.0,0.0,367.5000000000001,3401.0,1.4500000000000006
297.0,100,0,10,0.0,550.0,5652.5,0.0,5652.5,0.0,1030.0,1050.0,0.0,0.0,3371.0,0.0,367.5000000000001,3401.0,1.4500000000000006
298.0,100,0,10,0.0,550.0,5662.5,0.0,5662.5,0.0,1020.0,1050.0,0.0,0.0,3381.0,0.0,367.5000000000001,3401.0,1.4500000000000006
299.0,100,0,10,0.0,550.0,5672.5,0.0,5672.5,0.0,1010.0,1050.0,0.0,0.0,3391.0,0.0,367.5000000000001,3401.0,1.4500000000000006
300.0,100,0,10,0.0,550.0,5682.5,0.0,5682.5,0.0,1000.0,1050.0,0.0,0.0,3401.0,0.0,367.5000000000001,3401.0,1.5000000000000007
301.0,100,0,10,0.0,550.0,5692.5,0.0,5692.5,0.0,990.0,1050.0,0.0,0.0,3411.0,0.0,367.5000000000001,3401.0,1.5000000000000007
302.0,100,0,10,0.0,550.0,5702.5,0.0,5702.5,0.0,980.0,1050.0,0.0,0.0,3421.0,0.0,367.5000000000001,3401.0,1.5000000000000007
303.0,100,0,10,0.0,550.0,5712.5,0.0,5712.5,0.0,970.0,1050.0,0.0,0.0,3431.0,0.0,367.5000000000001,3401.0,1.5000000000000007
304.0,100,0,10,0.0,550.0,5722.5,0.0,5722.5,0.0,960.0,1050.0,0.0,0.0,3441.0,0.0,367.5000000000001,3401.0,1.5000000000000007
305.0,100,0,10,0.0,550.0,5732.5,0.0,5732.5,0.0,950.0,1050.0,0.0,0.0,3451.0,0.0,367.5000000000001,3401.0,1.5000000000000007
306.0,100,0,10,0.0,550.0,5742.5,0.0,5742.5,0.0,940.0,1050.0,0.0,0.0,3461.0,0.0,367.5000000000001,3401.0,1.5000000000000007
307.0,100,0,10,0.0,550.0,5752.5,0.0,5752.5,0.0,930.0,1050.0,0.0,0.0,3471.0,0.0,367.5000000000001,3401.0,1.5000000000000007
308.0,100,0,10,0.0,550.0,5762.5,0.0,5762.5,0.0,920.0,1050.0,0.0,0.0,3481.0,0.0,367.5000000000001,3401.0,1.5000000000000007
309.0,100,0,10,0.0,550.0,5772.5,0.0,5772.5,0.0,910.0,1050.0,0.0,0.0,3491.0,0.0,367.5000000000001,3401.0,1.5000000000000007
310.0,100,0,10,0.0,550.0,5782.5,0.0,5782.5,0.0,900.0,1050.0,0.0,0.0,3501.0,0.0,367.5000000000001,3401.0,1.5500000000000007
311.0,100,0,10,0.0,550.0,5792.5,0.0,5792.5,0.0,890.0,1050.0,0.0,0.0,3511.0,0.0,367.5000000000001,3401.0,1.5500000000000007
312.0,100,0,10,0.0,550.0,5802.5,0.0,5802.5,0.0,880.0,1050.0,0.0,0.0,3521.0,0.0,367.5000000000001,3401.0,1.5500000000000007
313.0,100,0,10,0.0,550.0,5812.5,0.0,5812.5,0.0,870.0,1050.0,0.0,0.0,3531.0,0.0,367.5000000000001,3401.0,1.5500000000000007
314.0,100,0,10,0.0,550.0,5822.5,0.0,5822.5,0.0,860.0,1050.0,0.0,0.0,3541.0,0.0,367.5000000000001,3401.0,1.5500000000000007
315.0,100,0,10,0.0,550.0,5832.5,0.0,5832.5,0.0,850.0,1050.0,0.0,0.0,3551.0,0.0,367.5000000000001,3401.0,1.5500000000000007
316.0,100,0,10,0.0,550.0,5842.5,0.0,5842.5,0.0,840.0,1050.0,0.0,0.0,3561.0,0.0,367.5000000000001,3401.0,1.5500000000000007
317.0,100,0,10,0.0,550.0,5852.5,0.0,5852.5,0.0,830.0,1050.0,0.0,0.0,3571.0,0.0,367.5000000000001,3401.0,1.5500000000000007
318.0,100,0,10,0.0,550.0,5862.5,0.0,5862.5,0.0,820.0,1050.0,0.0,0.0,3581.0,0.0,367.5000000000001,3401.0,1.5500000000000007
319.0,100,0,10,0.0,550.0,5872.5,0.0,5872.5,0.0,810.0,1050.0,0.0,0.0,3591.0,0.0,367.5000000000001,3401.0,1.5500000000000007
320.0,100,0,10,0.0,550.0,5882.5,0.0,5882.5,0.0,800.0,1050.0,0.0,0.0,3601.0,0.0,367.5000000000001,3401.0,1.6000000000000008
321.0,100,0,10,0.0,550.0,5892.5,0.0,5892.5,0.0,790.0,1050.0,0.0,0.0,3611.0,0.0,367.5000000000001,3401.0,1.6000000000000008
322.0,100,0,10,0.0,550.0,5902.5,0.0,5902.5,0.0,780.0,1050.0,0.0,0.0,3621.0,0.0,367.5000000000001,3401.0,1.6000000000000008
323.0,100,0,10,0.0,550.0,5912.5,0.0,5912.5,0.0,770.0,1050.0,0.0,0.0,3631.0,0.0,367.5000000000001,3401.0,1.6000000000000008
324.0,100,0,10,0.0,550.0,5922.5,0.0,5922.5,0.0,760.0,1050.0,0.0,0.0,3641.0,0.0,367.5000000000001,3401.0,1.6000000000000008
325.0,100,0,10,0.0,550.0,5932.5,0.0,5932.5,0.0,750.0,1050.0,0.0,0.0,3651.0,0.0,367.5000000000001,3401.0,1.6000000000000008
326.0,100,0,10,0.0,550.0,5942.5,0.0,5942.5,0.0,740.0,1050.0,0.0,0.0,3661.0,0.0,367.5000000000001,3401.0,1.6000000000000008
327.0,100,0,10,0.0,550.0,5952.5,0.0,5952.5,0.0,730.0,1050.0,0.0,0.0,3671.0,0.0,367.5000000000001,3401.0,1.6000000000000008
328.0,100,0,10,0.0,550.0,5962.5,0.0,5962.5,0.0,720.0,1050.0,0.0,0.0,3681.0,0.0,367.5000000000001,3401.0,1.6000000000000008
329.0,100,0,10,0.0,550.0,5972.5,0.0,5972.5,0.0,710.0,1050.0,0.0,0.0,3691.0,0.0,367.5000000000001,3401.0,1.6000000000000008
330.0,100,0,10,0.0,550.0,5982.5,0.0,5982.5,0.0,700.0,1050.0,0.0,0.0,3701.0,0.0,367.5000000000001,3401.0,1.6500000000000008
331.0,100,0,10,0.0,550.0,5992.5,0.0,5992.5,0.0,690.0,1050.0,0.0,0.0,3711.0,0.0,367.5000000000001,3401.0,1.6500000000000008
332.0,100,0,10,0.0,550.0,6002.5,0.0,6002.5,0.0,680.0,1050.0,0.0,0.0,3721.0,0.0,367.5000000000001,3401.0,1.6500000000000008
333.0,100,0,10,0.0,550.0,6012.5,0.0,6012.5,0.0,670.0,1050.0,0.0,0.0,3731.0,0.0,367.5000000000001,3401.0,1.6500000000000008
334.0,100,0,10,0.0,550.0,6022.5,0.0,6022.5,0.0,660.0,1050.0,0.0,0.0,3741.0,0.0,367.5000000000001,3401.0,1.6500000000000008
335.0,100,0,10,0.0,550.0,6032.5,0.0,6032.5,0.0,650.0,1050.0,0.0,0.0,3751.0,0.0,367.5000000000001,3401.0,1.6500000000000008
336.0,100,0,10,0.0,550.0,6042.5,0.0,6042.5,0.0,640.0,1050.0,0.0,0.0,3761.0,0.0,367.5000000000001,3401.0,1.6500000000000008
337.0,100,0,10,0.0,550.0,6052.5,0.0,6052.5,0.0,630.0,1050.0,0.0,0.0,3771.0,0.0,367.5000000000001,3401.0,1.6500000000000008
338.0,100,0,10,0.0,550.0,6062.5,0.0,6062.5,0.0,620.0,1050.0,0.0,0.0,3781.0,0.0,367.5000000000001,3401.0,1.6500000000000008
339.0,100,0,10,0.0,550.0,6072.5,0.0,6072.5,0.0,610.0,1050.0,0.0,0.0,3791.0,0.0,367.5000000000001,3401.0,1.6500000000000008
340.0,100,0,10,0.0,550.0,6082.5,0.0,6082.5,0.0,600.0,1050.0,0.0,0.0,3801.0,0.0,367.5000000000001,3401.0,1.7000000000000008
341.0,100,0,10,0.0,550.0,6092.5,0.0,6092.5,0.0,590.0,1050.0,0.0,0.0,3811.0,0.0,367.5000000000001,3401.0,1.7000000000000008
342.0,100,0,10,0.0,550.0,6102.5,0.0,6102.5,0.0,580.0,1050.0,0.0,0.0,3821.0,0.0,367.5000000000001,3401.0,1.7000000000000008
343.0,100,0,10,0.0,550.0,6112.5,0.0,6112.5,0.0,570.0,1050.0,0.0,0.0,3831.0,0.0,367.5000000000001,3401.0,1.7000000000000008
344.0,100,0,10,0.0,550.0,6122.5,0.0,6122.5,0.0,560.0,1050.0,0.0,0.0,3841.0,0.0,367.5000000000001,3401.0,1.7000000000000008
345.0,100,0,10,0.0,550.0,6132.5,0.0,6132.5,0.0,550.0,1050.0,0.0,0.0,3851.0,0.0,367.5000000000001,3401.0,1.7000000000000008
346.0,100,0,10,0.0,550.0,6142.5,0.0,6142.5,0.0,540.0,1050.0,0.0,0.0,3861.0,0.0,367.5000000000001,3401.0,1.7000000000000008
347.0,100,0,10,0.0,550.0,6152.5,0.0,6152.5,0.0,530.0,1050.0,0.0,0.0,3871.0,0.0,367.5000000000001,3401.0,1.7000000000000008
348.0,100,0,10,0.0,550.0,6162.5,0.0,6162.5,0.0,520.0,1050.0,0.0,0.0,3881.0,0.0,367.5000000000001,3401.0,1.7000000000000008
349.0,100,0,10,0.0,550.0,6172.5,0.0,6172.5,0.0,510.0,1050.0,0.0,0.0,3891.0,0.0,367.5000000000001,3401.0,1.7000000000000008
350.0,100,0,10,0.0,550.0,6182.5,0.0,6182.5,0.0,500.0,1050.0,0.0,0.0,3901.0,0.0,367.5000000000001,3401.0,1.7500000000000009
351.0,100,0,10,0.0,550.0,6192.5,0.0,6192.5,0.0,490.0,1050.0,0.0,0.0,3911.0,0.0,367.5000000000001,3401.0,1.7500000000000009
352.0,100,0,10,0.0,550.0,6202.5,0.0,6202.5,0.0,480.0,1050.0,0.0,0.0,3921.0,0.0,367.5000000000001,3401.0,1.7500000000000009
353.0,100,0,10,0.0,550.0,6212.5,0.0,6212.5,0.0,470.0,1050.0,0.0,0.0,3931.0,0.0,367.5000000000001,3401.0,1.7500000000000009
354.0,100,0,10,0.0,550.0,6222.5,0.0,6222.5,0.0,460.0,1050.0,0.0,0.0,3941.0,0.0,367.5000000000001,3401.0,1.7500000000000009
355.0,100,0,10,0.0,550.0,6232.5,0.0,6232.5,0.0,450.0,1050.0,0.0,0.0,3951.0,0.0,367.5000000000001,3401.0,1.7500000000000009
356.0,100,0,10,0.0,550.0,6242.5,0.0,6242.5,0.0,440.0,1050.0,0.0,0.0,3961.0,0.0,367.5000000000001,3401.0,1.7500000000000009
357.0,100,0,10,0.0,550.0,6252.5,0.0,6252.5,0.0,430.0,1050.0,0.0,0.0,3971.0,0.0,367.5000000000001,3401.0,1.7500000000000009
358.0,100,0,10,0.0,550.0,6262.5,0.0,6262.5,0.0,420.0,1050.0,0.0,0.0,3981.0,0.0,367.5000000000001,3401.0,1.7500000000000009
359.0,100,0,10,0.0,550.0,6272.5,0.0,6272.5,0.0,410.0,1050.0,0.0,0.0,3991.0,0.0,367.5000000000001,3401.0,1.7500000000000009
360.0,100,0,10,0.0,550.0,6282.5,0.0,6282.5,0.0,400.0,1050.0,0.0,0.0,4001.0,0.0,367.5000000000001,3401.0,1.790000000000001
361.0,100,0,10,0.0,550.0,6292.5,0.0,6292.5,0.0,390.0,1050.0,0.0,0.0,4011.0,0.0,367.5000000000001,3401.0,1.790000000000001
362.0,100,0,10,0.0,550.0,6302.5,0.0,6302.5,0.0,380.0,1050.0,0.0,0.0,4021.0,0.0,367.5000000000001,3401.0,1.790000000000001
363.0,100,0,10,0.0,550.0,6312.5,0.0,6312.5,0.0,370.0,1050.0,0.0,0.0,4031.0,0.0,367.5000000000001,3401.0,1.790000000000001
364.0,100,0,10,0.0,550.0,6322.5,0.0,6322.5,0.0,360.0,1050.0,0.0,0.0,4041.0,0.0,367.5000000000001,3401.0,1.790000000000001
365.0,100,0,10,0.0,550.0,6332.5,0.0,6332.5,0.0,350.0,1050.0,0.0,0.0,4051.0,0.0,367.5000000000001,3401.0,1.790000000000001
366.0,100,0,10,0.0,550.0,6342.5,0.0,6342.5,0.0,340.0,1050.0,0.0,0.0,4061.0,0.0,367.5000000000001,3401.0,1.790000000000001
367.0,100,0,10,0.0,550.0,6352.5,0.0,6352.5,0.0,330.0,1050.0,0.0,0.0,4071.0,0.0,367.5000000000001,3401.0,1.790000000000001
368.0,100,0,10,0.0,550.0,6362.5,0.0,6362.5,0.0,320.0,1050.0,0.0,0.0,4081.0,0.0,367.5000000000001,3401.0,1.790000000000001
369.0,100,0,10,0.0,550.0,6372.5,0.0,6372.5,0.0,310.0,1050.0,0.0,0.0,4091.0,0.0,367.5000000000001,3401.0,1.790000000000001
370.0,100,0,10,0.0,550.0,6382.5,0.0,6382.5,0.0,300.0,1050.0,0.0,0.0,4101.0,0.0,367.5000000000001,3401.0,1.820000000000001
371.0,100,0,10,0.0,550.0,6392.5,0.0,6392.5,0.0,290.0,1050.0,0.0,0.0,4111.0,0.0,367.5000000000001,3401.0,1.820000000000001
372.0,100,0,10,0.0,550.0,6402.5,0.0,6402.5,0.0,280.0,1050.0,0.0,0.0,4121.0,0.0,367.5000000000001,3401.0,1.820000000000001
373.0,100,0,10,0.0,550.0,6412.5,0.0,6412.5,0.0,270.0,1050.0,0.0,0.0,4131.0,0.0,367.5000000000001,3401.0,1.820000000000001
374.0,100,0,10,0.0,550.0,6422.5,0.0,6422.5,0.0,260.0,1050.0,0.0,0.0,4141.0,0.0,367.5000000000001,3401.0,1.820000000000001
375.0,100,0,10,0.0,550.0,6432.5,0.0,6432.5,0.0,250.0,1050.0,0.0,0.0,4151.0,0.0,367.5000000000001,3401.0,1.820000000000001
376.0,100,0,10,0.0,550.0,6442.5,0.0,6442.5,0.0,240.0,1050.0,0.0,0.0,4161.0,0.0,367.5000000000001,3401.0,1.820000000000001
377.0,100,0,10,0.0,550.0,6452.5,0.0,6452.5,0.0,230.0,1050.0,0.0,0.0,4171.0,0.0,367.5000000000001,3401.0,1.820000000000001
378.0,100,0,10,0.0,550.0,6462.5,0.0,6462.5,0.0,220.0,1050.0,0.0,0.0,4181.0,0.0,367.5000000000001,3401.0,1.820000000000001
379.0,100,0,10,0.0,550.0,6472.5,0.0,6472.5,0.0,210.0,1050.0,0.0,0.0,4191.0,0.0,367.5000000000001,3401.0,1.820000000000001
380.0,100,0,10,0.0,550.0,6482.5,0.0,6482.5,0.0,200.0,1050.0,0.0,0.0,4201.0,0.0,367.5000000000001,3401.0,1.840000000000001
381.0,100,0,10,0.0,550.0,6492.5,0.0,6492.5,0.0,190.0,1050.0,0.0,0.0,4211.0,0.0,367.5000000000001,3401.0,1.840000000000001
382.0,100,0,10,0.0,550.0,6502.5,0.0,6502.5,0.0,180.0,1050.0,0.0,0.0,4221.0,0.0,367.5000000000001,3401.0,1.840000000000001
383.0,100,0,10,0.0,550.0,6512.5,0.0,6512.5,0.0,170.0,1050.0,0.0,0.0,4231.0,0.0,367.5000000000001,3401.0,1.840000000000001
384.0,100,0,10,0.0,550.0,6522.5,0.0,6522.5,0.0,160.0,1050.0,0.0,0.0,4241.0,0.0,367.5000000000001,3401.0,1.840000000000001
385.0,100,0,10,0.0,550.0,6532.5,0.0,6532.5,0.0,150.0,1050.0,0.0,0.0,4251.0,0.0,367.5000000000001,3401.0,1.840000000000001
386.0,100,0,10,0.0,550.0,6542.5,0.0,6542.5,0.0,140.0,1050.0,0.0,0.0,4261.0,0.0,367.5000000000001,3401.0,1.840000000000001
387.0,100,0,10,0.0,550.0,6552.5,0.0,6552.5,0.0,130.0,1050.0,0.0,0.0,4271.0,0.0,367.5000000000001,3401.0,1.840000000000001
388.0,100,0,10,0.0,550.0,6562.5,0.0,6562.5,0.0,120.0,1050.0,0.0,0.0,4281.0,0.0,367.5000000000001,3401.0,1.840000000000001
389.0,100,0,10,0.0,550.0,6572.5,0.0,6572.5,0.0,110.0,1050.0,0.0,0.0,4291.0,0.0,367.5000000000001,3401.0,1.840000000000001
390.0,100,0,10,0.0,550.0,6582.5,0.0,6582.5,0.0,100.0,1050.0,0.0,0.0,4301.0,0.0,367.5000000000001,3401.0,1.850000000000001
391.0,100,0,10,0.0,550.0,6592.5,0.0,6592.5,0.0,90.0,1050.0,0.0,0.0,4311.0,0.0,367.5000000000001,3401.0,1.850000000000001
392.0,100,0,10,0.0,550.0,6602.5,0.0,6602.5,0.0,80.0,1050.0,0.0,0.0,4321.0,0.0,367.5000000000001,3401.0,1.850000000000001
393.0,100,0,10,0.0,550.0,6612.5,0.0,6612.5,0.0,70.0,1050.0,0.0,0.0,4331.0,0.0,367.5000000000001,3401.0,1.850000000000001
394.0,100,0,10,0.0,550.0,6622.5,0.0,6622.5,0.0,60.0,1050.0,0.0,0.0,4341.0,0.0,367.5000000000001,3401.0,1.850000000000001
395.0,100,0,10,0.0,550.0,6632.5,0.0,6632.5,0.0,50.0,1050.0,0.0,0.0,4351.0,0.0,367.5000000000001,3401.0,1.850000000000001
396.0,100,0,10,0.0,550.0,6642.5,0.0,6642.5,0.0,40.0,1050.0,0.0,0.0,4361.0,0.0,367.5000000000001,3401.0,1.850000000000001
397.0,100,0,10,0.0,550.0,6652.5,0.0,6652.5,0.0,30.0,1050.0,0.0,0.0,4371.0,0.0,367.5000000000001,3401.0,1.850000000000001
398.0,100,0,10,0.0,550.0,6662.5,0.0,6662.5,0.0,20.0,1050.0,0.0,0.0,4381.0,0.0,367.5000000000001,3401.0,1.850000000000001
399.0,100,0,10,0.0,550.0,6672.5,0.0,6672.5,0.0,10.0,1050.0,0.0,0.0,4391.0,0.0,367.5000000000001,3401.0,1.850000000000001
400.0,100,0,10,0.0,550.0,6682.5,0.0,6682.5,0.0,0.0,1050.0,0.0,0.0,4401.0,0.0,367.5000000000001,3401.0,1.850000000000001
401.0,100,0,10,0.0,550.0,6682.5,0.0,6682.5,0.0,0.0,1050.0,0.0,0.0,4401.0,0.0,367.5000000000001,3401.0,1.850000000000001
402.0,100,0,10,0.0,550.0,6682.5,0.0,6682.5,0.0,0.0,1050.0,0.0,0.0,4401.0,0.0,367.5000000000001,3401.0,1.850000000000001
403.0,100,0,10,0.0,550.0,6682.5,0.0,6682.5,0.0,0.0,1050.0,0.0,0.0,4401.0,0.0,367.5000000000001,3401.0,1.850000000000001
404.0,100,0,10,0.0,550.0,6682.5,0.0,6682.5,0.0,0.0,1050.0,0.0,0.0,4401.0,0.0,367.5000000000001,3401.0,1.850000000000001
405.0,100,0,10,0.0,550.0,6682.5,0.0,6682.5,0.0,0.0,1050.0,0.0,0.0,4401.0,0.0,367.5000000000001,3401.0,1.850000000000001
406.0,100,0,10,0.0,550.0,6682.5,0.0,6682.5,0.0,0.0,1050.0,0.0,0.0,4401.0,0.0,367.5000000000001,3401.0,1.850000000000001
407.0,100,0,10,0.0,550.0,6682.5,0.0,6682.5,0.0,0.0,1050.0,0.0,0.0,4401.0,0.0,367.5000000000001,3401.0,1.850000000000001
408.0,100,0,10,0.0,550.0,6682.5,0.0,6682.5,0.0,0.0,1050.0,0.0,0.0,4401.0,0.0,367.5000000000001,3401.0,1.850000000000001
409.0,100,0,10,0.0,550.0,6682.5,0.0,6682.5,0.0,0.0,1050.0,0.0,0.0,4401.0,0.0,367.5000000000001,3401.0,1.850000000000001
410.0,100,0,10,0.0,550.0,6682.5,0.0,6682.5,0.0,0.0,1050.0,0.0,0.0,4401.0,0.0,367.5000000000001,3401.0,1.850000000000001
411.0,100,0,10,0.0,550.0,6682.5,0.0,6682.5,0.0,0.0,1050.0,0.0,0.0,4401.0,0.0,367.5000000000001,3401.0,1.850000000000001
412.0,100,0,10,0.0,550.0,6682.5,0.0,6682.5,0.0,0.0,1050.0,0.0,0.0,4401.0,0.0,367.5000000000001,3401.0,1.850000000000001
413.0,100,0,10,0.0,550.0,6682.5,0.0,6682.5,0.0,0.0,1050.0,0.0,0.0,4401.0,0.0,367.5000000000001,3401.0,1.850000000000001
414.0,100,0,10,0.0,550.0,6682.5,0.0,6682.5,0.0,0.0,1050.0,0.0,0.0,4401.0,0.0,367.5000000000001,3401.0,1.850000000000001
415.0,100,0,10,0.0,550.0,6682.5,0.0,6682.5,0.0,0.0,1050.0,0.0,0.0,4401.0,0.0,367.5000000000001,3401.0,1.850000000000001
416.0,100,0,10,0.0,550.0,6682.5,0.0,6682.5,0.0,0.0,1050.0,0.0,0.0,4401.0,0.0,367.5000000000001,3401.0,1.850000000000001
417.0,100,0,10,0.0,550.0,6682.5,0.0,6682.5,0.0,0.0,1050.0,0.0,0.0,4401.0,0.0,367.5000000000001,3401.0,1.850000000000001
418.0,100,0,10,0.0,550.0,6682.5,0.0,6682.5,0.0,0.0,1050.0,0.0,0.0,4401.0,0.0,367.5000000000001,3401.0,1.850000000000001
419.0,100,0,10,0.0,550.0,6682.5,0.0,6682.5,0.0,0.0,1050.0,0.0,0.0,4401.0,0.0,367.5000000000001,3401.0,1.850000000000001
420.0,100,0,10,0.0,550.0,6682.5,0.0,6682.5,0.0,0.0,1050.0,0.0,0.0,4401.0,0.0,367.5000000000001,3401.0,1.850000000000001
421.0,100,0,10,0.0,550.0,6682.5,0.0,6682.5,0.0,0.0,1050.0,0.0,0.0,4401.0,0.0,367.5000000000001,3401.0,1.850000000000001
422.0,100,0,10,0.0,550.0,6682.5,0.0,6682.5,0.0,0.0,1050.0,0.0,0.0,4401.0,0.0,367.5000000000001,3401.0,1.850000000000001
423.0,100,0,10,0.0,550.0,6682.5,0.0,6682.5,0.0,0.0,1050.0,0.0,0.0,4401.0,0.0,367.5000000000001,3401.0,1.850000000000001
424.0,100,0,10,0.0,550.0,6682.5,0.0,6682.5,0.0,0.0,1050.0,0.0,0.0,4401.0,0.0,367.5000000000001,3401.0,1.850000000000001
425.0,100,0,10,0.0,550.0,6682.5,0.0,6682.5,0.0,0.0,1050.0,0.0,0.0,4401.0,0.0,367.5000000000001,3401.0,1.850000000000001
426.0,100,0,10,0.0,550.0,6682.5,0.0,6682.5,0.0,0.0,1050.0,0.0,0.0,4401.0,0.0,367.5000000000001,3401.0,1.850000000000001
427.0,100,0,10,0.0,550.0,6682.5,0.0,6682.5,0.0,0.0,1050.0,0.0,0.0,4401.0,0.0,367.5000000000001,3401.0,1.850000000000001
428.0,100,0,10,0.0,550.0,6682.5,0.0,6682.5,0.0,0.0,1050.0,0.0,0.0,4401.0,0.0,367.5000000000001,3401.0,1.850000000000001
429.0,100,0,10,0.0,550.0,6682.5,0.0,6682.5,0.0,0.0,1050.0,0.0,0.0,4401.0,0.0,367.5000000000001,3401.0,1.850000000000001
430.0,100,0,10,0.0,550.0,6682.5,0.0,6682.5,0.0,0.0,1050.0,0.0,0.0,4401.0,0.0,367.5000000000001,3401.0,1.850000000000001
431.0,100,0,10,0.0,550.0,6682.5,0.0,6682.5,0.0,0.0,1050.0,0.0,0.0,4401.0,0.0,367.5000000000001,3401.0,1.850000000000001
432.0,100,0,10,0.0,550.0,6682.5,0.0,6682.5,0.0,0.0,1050.0,0.0,0.0,4401.0,0.0,367.5000000000001,3401.0,1.850000000000001
433.0,100,0,10,0.0,550.0,6682.5,0.0,6682.5,0.0,0.0,1050.0,0.0,0.0,4401.0,0.0,367.5000000000001,3401.0,1.850000000000001
434.0,100,0,10,0.0,550.0,6682.5,0.0,6682.5,0.0,0.0,1050.0,0.0,0.0,4401.0,0.0,367.5000000000001,3401.0,1.850000000000001
435.0,100,0,10,0.0,550.0,6682.5,0.0,6682.5,0.0,0.0,1050.0,0.0,0.0,4401.0,0.0,367.5000000000001,3401.0,1.850000000000001
436.0,100,0,10,0.0,550.0,6682.5,0.0,6682.5,0.0,0.0,1050.0,0.0,0.0,4401.0,0.0,367.5000000000001,3401.0,1.850000000000001
437.0,100,0,10,0.0,550.0,6682.5,0.0,6682.5,0.0,0.0,1050.0,0.0,0.0,4401.0,0.0,367.5000000000001,3401.0,1.850000000000001
438.0,100,0,10,0.0,550.0,6682.5,0.0,6682.5,0.0,0.0,1050.0,0.0,0.0,4401.0,0.0,367.5000000000001,3401.0,1.850000000000001
439.0,100,0,10,0.0,550.0,6682.5,0.0,6682.5,0.0,0.0,1050.0,0.0,0.0,4401.0,0.0,367.5000000000001,3401.0,1.850000000000001
440.0,100,0,10,0.0,550.0,6682.5,0.0,6682.5,0.0,0.0,1050.0,0.0,0.0,4401.0,0.0,367.5000000000001,3401.0,1.850000000000001
441.0,100,0,10,0.0,550.0,6682.5,0.0,6682.5,0.0,0.0,1050.0,0.0,0.0,4401.0,0.0,367.5000000000001,3401.0,1.850000000000001
442.0,100,0,10,0.0,550.0,6682.5,0.0,6682.5,0.0,0.0,1050.0,0.0,0.0,4401.0,0.0,367.5000000000001,3401.0,1.850000000000001
443.0,100,0,10,0.0,550.0,6682.5,0.0,6682.5,0.0,0.0,1050.0,0.0,0.0,4401.0,0.0,367.5000000000001,3401.0,1.850000000000001
444.0,100,0,10,0.0,550.0,6682.5,0.0,6682.5,0.0,0.0,1050.0,0.0,0.0,4401.0,0.0,367.5000000000001,3401.0,1.850000000000001
445.0,100,0,10,0.0,550.0,6682.5,0.0,6682.5,0.0,0.0,1050.0,0.0,0.0,4401.0,0.0,367.5000000000001,3401.0,1.850000000000001
446.0,100,0,10,0.0,550.0,6682.5,0.0,6682.5,0.0,0.0,1050.0,0.0,0.0,4401.0,0.0,367.5000000000001,3401.0,1.850000000000001
447.0,100,0,10,0.0,550.0,6682.5,0.0,6682.5,0.0,0.0,1050.0,0.0,0.0,4401.0,0.0,367.5000000000001,3401.0,1.850000000000001
448.0,100,0,10,0.0,550.0,6682.5,0.0,6682.5,0.0,0.0,1050.0,0.0,0.0,4401.0,0.0,367.5000000000001,3401.0,1.850000000000001
449.0,100,0,10,0.0,550.0,6682.5,0.0,6682.5,0.0,0.0,1050.0,0.0,0.0,4401.0,0.0,367.5000000000001,3401.0,1.850000000000001
450.0,100,0,10,0.0,550.0,6682.5,0.0,6682.5,0.0,0.0,1050.0,0.0,0.0,4401.0,0.0,367.5000000000001,3401.0,1.850000000000001
451.0,100,0,10,0.0,550.0,6682.5,0.0,6682.5,0.0,0.0,1050.0,0.0,0.0,4401.0,0.0,367.5000000000001,3401.0,1.850000000000001
452.0,100,0,10,0.0,550.0,6682.5,0.0,6682.5,0.0,0.0,1050.0,0.0,0.0,4401.0,0.0,367.5000000000001,3401.0,1.850000000000001
453.0,100,0,10,0.0,550.0,6682.5,0.0,6682.5,0.0,0.0,1050.0,0.0,0.0,4401.0,0.0,367.5000000000001,3401.0,1.850000000000001
454.0,100,0,10,0.0,550.0,6682.5,0.0,6682.5,0.0,0.0,1050.0,0.0,0.0,4401.0,0.0,367.5000000000001,3401.0,1.850000000000001
455.0,100,0,10,0.0,550.0,6682.5,0.0,6682.5,0.0,0.0,1050.0,0.0,0.0,4401.0,0.0,367.5000000000001,3401.0,1.850000000000001
456.0,100,0,10,0.0,550.0,6682.5,0.0,6682.5,0.0,0.0,1050.0,0.0,0.0,4401.0,0.0,367.5000000000001,3401.0,1.850000000000001
457.0,100,0,10,0.0,550.0,6682.5,0.0,6682.5,0.0,0.0,1050.0,0.0,0.0,4401.0,0.0,367.5000000000001,3401.0,1.850000000000001
458.0,100,0,10,0.0,550.0,6682.5,0.0,6682.5,0.0,0.0,1050.0,0.0,0.0,4401.0,0.0,367.5000000000001,3401.0,1.850000000000001
459.0,100,0,10,0.0,550.0,6682.5,0.0,6682.5,0.0,0.0,1050.0,0.0,0.0,4401.0,0.0,367.5000000000001,3401.0,1.850000000000001
460.0,100,0,10,0.0,550.0,6682.5,0.0,6682.5,0.0,0.0,1050.0,0.0,0.0,4401.0,0.0,367.5000000000001,3401.0,1.850000000000001
461.0,100,0,10,0.0,550.0,6682.5,0.0,6682.5,0.0,0.0,1050.0,0.0,0.0,4401.0,0.0,367.5000000000001,3401.0,1.850000000000001
462.0,100,0,10,0.0,550.0,6682.5,0.0,6682.5,0.0,0.0,1050.0,0.0,0.0,4401.0,0.0,367.5000000000001,3401.0,1.850000000000001
463.0,100,0,10,0.0,550.0,6682.5,0.0,6682.5,0.0,0.0,1050.0,0.0,0.0,4401.0,0.0,367.5000000000001,3401.0,1.850000000000001
464.0,100,0,10,0.0,550.0,6682.5,0.0,6682.5,0.0,0.0,1050.0,0.0,0.0,4401.0,0.0,367.5000000000001,3401.0,1.850000000000001
465.0,100,0,10,0.0,550.0,6682.5,0.0,6682.5,0.0,0.0,1050.0,0.0,0.0,4401.0,0.0,367.5000000000001,3401.0,1.850000000000001
466.0,100,0,10,0.0,550.0,6682.5,0.0,6682.5,0.0,0.0,1050.0,0.0,0.0,4401.0,0.0,367.5000000000001,3401.0,1.850000000000001
467.0,100,0,10,0.0,550.0,6682.5,0.0,6682.5,0.0,0.0,1050.0,0.0,0.0,4401.0,0.0,367.5000000000001,3401.0,1.850000000000001
468.0,100,0,10,0.0,550.0,6682.5,0.0,6682.5,0.0,0.0,1050.0,0.0,0.0,4401.0,0.0,367.5000000000001,3401.0,1.850000000000001
469.0,100,0,10,0.0,550.0,6682.5,0.0,6682.5,0.0,0.0,1050.0,0.0,0.0,4401.0,0.0,367.5000000000001,3401.0,1.850000000000001
470.0,100,0,10,0.0,550.0,6682.5,0.0,6682.5,0.0,0.0,1050.0,0.0,0.0,4401.0,0.0,367.5000000000001,3401.0,1.850000000000001
471.0,100,0,10,0.0,550.0,6682.5,0.0,6682.5,0.0,0.0,1050.0,0.0,0.0,4401.0,0.0,367.5000000000001,3401.0,1.850000000000001
472.0,100,0,10,0.0,550.0,6682.5,0.0,6682.5,0.0,0.0,1050.0,0.0,0.0,4401.0,0.0,367.5000000000001,3401.0,1.850000000000001
473.0,100,0,10,0.0,550.0,6682.5,0.0,6682.5,0.0,0.0,1050.0,0.0,0.0,4401.0,0.0,367.5000000000001,3401.0,1.850000000000001
474.0,100,0,10,0.0,550.0,6682.5,0.0,6682.5,0.0,0.0,1050.0,0.0,0.0,4401.0,0.0,367.5000000000001,3401.0,1.850000000000001
475.0,100,0,10,0.0,550.0,6682.5,0.0,6682.5,0.0,0.0,1050.0,0.0,0.0,4401.0,0.0,367.5000000000001,3401.0,1.850000000000001
476.0,100,0,10,0.0,550.0,6682.5,0.0,6682.5,0.0,0.0,1050.0,0.0,0.0,4401.0,0.0,367.5000000000001,3401.0,1.850000000000001
477.0,100,0,10,0.0,550.0,6682.5,0.0,6682.5,0.0,0.0,1050.0,0.0,0.0,4401.0,0.0,367.5000000000001,3401.0,1.850000000000001
478.0,100,0,10,0.0,550.0,6682.5,0.0,6682.5,0.0,0.0,1050.0,0.0,0.0,4401.0,0.0,367.5000000000001,3401.0,1.850000000000001
479.0,100,0,10,0.0,550.0,6682.5,0.0,6682.5,0.0,0.0,1050.0,0.0,0.0,4401.0,0.0,367.5000000000001,3401.0,1.850000000000001
480.0,100,0,10,0.0,550.0,6682.5,0.0,6682.5,0.0,0.0,1050.0,0.0,0.0,4401.0,0.0,367.5000000000001,3401.0,1.850000000000001
481.0,100,0,10,0.0,550.0,6682.5,0.0,6682.5,0.0,0.0,1050.0,0.0,0.0,4401.0,0.0,367.5000000000001,3401.0,1.850000000000001
482.0,100,0,10,0.0,550.0,6682.5,0.0,6682.5,0.0,0.0,1050.0,0.0,0.0,4401.0,0.0,367.5000000000001,3401.0,1.850000000000001
483.0,100,0,10,0.0,550.0,6682.5,0.0,6682.5,0.0,0.0,1050.0,0.0,0.0,4401.0,0.0,367.5000000000001,3401.0,1.850000000000001
484.0,100,0,10,0.0,550.0,6682.5,0.0,6682.5,0.0,0.0,1050.0,0.0,0.0,4401.0,0.0,367.5000000000001,3401.0,1.850000000000001
485.0,100,0,10,0.0,550.0,6682.5,0.0,6682.5,0.0,0.0,1050.0,0.0,0.0,4401.0,0.0,367.5000000000001,3401.0,1.850000000000001
486.0,100,0,10,0.0,550.0,6682.5,0.0,6682.5,0.0,0.0,1050.0,0.0,0.0,4401.0,0.0,367.5000000000001,3401.0,1.850000000000001
487.0,100,0,10,0.0,550.0,6682.5,0.0,6682.5,0.0,0.0,1050.0,0.0,0.0,4401.0,0.0,367.5000000000001,3401.0,1.850000000000001
488.0,100,0,10,0.0,550.0,6682.5,0.0,6682.5,0.0,0.0,1050.0,0.0,0.0,4401.0,0.0,367.5000000000001,3401.0,1.850000000000001
489.0,100,0,10,0.0,550.0,6682.5,0.0,6682.5,0.0,0.0,1050.0,0.0,0.0,4401.0,0.0,367.5000000000001,3401.0,1.850000000000001
490.0,100,0,10,0.0,550.0,6682.5,0.0,6682.5,0.0,0.0,1050.0,0.0,0.0,4401.0,0.0,367.5000000000001,3401.0,1.850000000000001
491.0,100,0,10,0.0,550.0,6682.5,0.0,6682.5,0.0,0.0,1050.0,0.0,0.0,4401.0,0.0,367.5000000000001,3401.0,1.850000000000001
492.0,100,0,10,0.0,550.0,6682.5,0.0,6682.5,0.0,0.0,1050.0,0.0,0.0,4401.0,0.0,367.5000000000001,3401.0,1.850000000000001
493.0,100,0,10,0.0,550.0,6682.5,0.0,6682.5,0.0,0.0,1050.0,0.0,0.0,4401.0,0.0,367.5000000000001,3401.0,1.850000000000001
494.0,100,0,10,0.0,550.0,6682.5,0.0,6682.5,0.0,0.0,1050.0,0.0,0.0,4401.0,0.0,367.5000000000001,3401.0,1.850000000000001
495.0,100,0,10,0.0,550.0,6682.5,0.0,6682.5,0.0,0.0,1050.0,0.0,0.0,4401.0,0.0,367.5000000000001,3401.0,1.850000000000001
496.0,100,0,10,0.0,550.0,6682.5,0.0,6682.5,0.0,0.0,1050.0,0.0,0.0,4401.0,0.0,367.5000000000001,3401.0,1.850000000000001
497.0,100,0,10,0.0,550.0,6682.5,0.0,6682.5,0.0,0.0,1050.0,0.0,0.0,4401.0,0.0,367.5000000000001,3401.0,1.850000000000001
498.0,100,0,10,0.0,550.0,6682.5,0.0,6682.5,0.0,0.0,1050.0,0.0,0.0,4401.0,0.0,367.5000000000001,3401.0,1.850000000000001
499.0,100,0,10,0.0,550.0,6682.5,0.0,6682.5,0.0,0.0,1050.0,0.0,0.0,4401.0,0.0,367.5000000000001,3401.0,1.850000000000001
500.0,100,0,10,0.0,550.0,6682.5,0.0,6682.5,0.0,0.0,1050.0,0.0,0.0,4401.0,0.0,367.5000000000001,3401.0,1.850000000000001
501.0,100,0,10,0.0,550.0,6682.5,0.0,6682.5,0.0,0.0,1050.0,0.0,0.0,4401.0,0.0,367.5000000000001,3401.0,1.850000000000001
502.0,100,0,10,0.0,550.0,6682.5,0.0,6682.5,0.0,0.0,1050.0,0.0,0.0,4401.0,0.0,367.5000000000001,3401.0,1.850000000000001
503.0,100,0,10,0.0,550.0,6682.5,0.0,6682.5,0.0,0.0,1050.0,0.0,0.0,4401.0,0.0,367.5000000000001,3401.0,1.850000000000001
504.0,100,0,10,0.0,550.0,6682.5,0.0,6682.5,0.0,0.0,1050.0,0.0,0.0,4401.0,0.0,367.5000000000001,3401.0,1.850000000000001
505.0,100,0,10,0.0,550.0,6682.5,0.0,6682.5,0.0,0.0,1050.0,0.0,0.0,4401.0,0.0,367.5000000000001,3401.0,1.850000000000001
506.0,100,0,10,0.0,550.0,6682.5,0.0,6682.5,0.0,0.0,1050.0,0.0,0.0,4401.0,0.0,367.5000000000001,3401.0,1.850000000000001
507.0,100,0,10,0.0,550.0,6682.5,0.0,6682.5,0.0,0.0,1050.0,0.0,0.0,4401.0,0.0,367.5000000000001,3401.0,1.850000000000001
508.0,100,0,10,0.0,550.0,6682.5,0.0,6682.5,0.0,0.0,1050.0,0.0,0.0,4401.0,0.0,367.5000000000001,3401.0,1.850000000000001
509.0,100,0,10,0.0,550.0,6682.5,0.0,6682.5,0.0,0.0,1050.0,0.0,0.0,4401.0,0.0,367.5000000000001,3401.0,1.850000000000001
510.0,100,0,10,0.0,550.0,6682.5,0.0,6682.5,0.0,0.0,1050.0,0.0,0.0,4401.0,0.0,367.5000000000001,3401.0,1.850000000000001
511.0,100,0,10,0.0,550.0,6682.5,0.0,6682.5,0.0,0.0,1050.0,0.0,0.0,4401.0,0.0,367.5000000000001,3401.0,1.850000000000001
512.0,100,0,10,0.0,550.0,6682.5,0.0,6682.5,0.0,0.0,1050.0,0.0,0.0,4401.0,0.0,367.5000000000001,3401.0,1.850000000000001
513.0,100,0,10,0.0,550.0,6682.5,0.0,6682.5,0.0,0.0,1050.0,0.0,0.0,4401.0,0.0,367.5000000000001,3401.0,1.850000000000001
514.0,100,0,10,0.0,550.0,6682.5,0.0,6682.5,0.0,0.0,1050.0,0.0,0.0,4401.0,0.0,367.5000000000001,3401.0,1.850000000000001
515.0,100,0,10,0.0,550.0,6682.5,0.0,6682.5,0.0,0.0,1050.0,0.0,0.0,4401.0,0.0,367.5000000000001,3401.0,1.850000000000001
516.0,100,0,10,0.0,550.0,6682.5,0.0,6682.5,0.0,0.0,1050.0,0.0,0.0,4401.0,0.0,367.5000000000001,3401.0,1.850000000000001
517.0,100,0,10,0.0,550.0,6682.5,0.0,6682.5,0.0,0.0,1050.0,0.0,0.0,4401.0,0.0,367.5000000000001,3401.0,1.850000000000001
518.0,100,0,10,0.0,550.0,6682.5,0.0,6682.5,0.0,0.0,1050.0,0.0,0.0,4401.0,0.0,367.5000000000001,3401.0,1.850000000000001
519.0,100,0,10,0.0,550.0,6682.5,0.0,6682.5,0.0,0.0,1050.0,0.0,0.0,4401.0,0.0,367.5000000000001,3401.0,1.850000000000001
520.0,100,0,10,0.0,550.0,6682.5,0.0,6682.5,0.0,0.0,1050.0,0.0,0.0,4401.0,0.0,367.5000000000001,3401.0,1.850000000000001
521.0,100,0,10,0.0,550.0,6682.5,0.0,6682.5,0.0,0.0,1050.0,0.0,0.0,4401.0,0.0,367.5000000000001,3401.0,1.850000000000001
522.0,100,0,10,0.0,550.0,6682.5,0.0,6682.5,0.0,0.0,1050.0,0.0,0.0,4401.0,0.0,367.5000000000001,3401.0,1.850000000000001
523.0,100,0,10,0.0,550.0,6682.5,0.0,6682.5,0.0,0.0,1050.0,0.0,0.0,4401.0,0.0,367.5000000000001,3401.0,1.850000000000001
524.0,100,0,10,0.0,550.0,6682.5,0.0,6682.5,0.0,0.0,1050.0,0.0,0.0,4401.0,0.0,367.5000000000001,3401.0,1.850000000000001
525.0,100,0,10,0.0,550.0,6682.5,0.0,6682.5,0.0,0.0,1050.0,0.0,0.0,4401.0,0.0,367.5000000000001,3401.0,1.850000000000001
526.0,100,0,10,0.0,550.0,6682.5,0.0,6682.5,0.0,0.0,1050.0,0.0,0.0,4401.0,0.0,367.5000000000001,3401.0,1.850000000000001
527.0,100,0,10,0.0,550.0,6682.5,0.0,6682.5,0.0,0.0,1050.0,0.0,0.0,4401.0,0.0,367.5000000000001,3401.0,1.850000000000001
528.0,100,0,10,0.0,550.0,6682.5,0.0,6682.5,0.0,0.0,1050.0,0.0,0.0,4401.0,0.0,367.5000000000001,3401.0,1.850000000000001
529.0,100,0,10,0.0,550.0,6682.5,0.0,6682.5,0.0,0.0,1050.0,0.0,0.0,4401.0,0.0,367.5000000000001,3401.0,1.850000000000001
530.0,100,0,10,0.0,550.0,6682.5,0.0,6682.5,0.0,0.0,1050.0,0.0,0.0,4401.0,0.0,367.5000000000001,3401.0,1.850000000000001
531.0,100,0,10,0.0,550.0,6682.5,0.0,6682.5,0.0,0.0,1050.0,0.0,0.0,4401.0,0.0,367.5000000000001,3401.0,1.850000000000001
532.0,100,0,10,0.0,550.0,6682.5,0.0,6682.5,0.0,0.0,1050.0,0.0,0.0,4401.0,0.0,367.5000000000001,3401.0,1.850000000000001
533.0,100,0,10,0.0,550.0,6682.5,0.0,6682.5,0.0,0.0,1050.0,0.0,0.0,4401.0,0.0,367.5000000000001,3401.0,1.850000000000001
534.0,100,0,10,0.0,550.0,6682.5,0.0,6682.5,0.0,0.0,1050.0,0.0,0.0,4401.0,0.0,367.5000000000001,3401.0,1.850000000000001
535.0,100,0,10,0.0,550.0,6682.5,0.0,6682.5,0.0,0.0,1050.0,0.0,0.0,4401.0,0.0,367.5000000000001,3401.0,1.850000000000001
536.0,100,0,10,0.0,550.0,6682.5,0.0,6682.5,0.0,0.0,1050.0,0.0,0.0,4401.0,0.0,367.5000000000001,3401.0,1.850000000000001
537.0,100,0,10,0.0,550.0,6682.5,0.0,6682.5,0.0,0.0,1050.0,0.0,0.0,4401.0,0.0,367.5000000000001,3401.0,1.850000000000001
538.0,100,0,10,0.0,550.0,6682.5,0.0,6682.5,0.0,0.0,1050.0,0.0,0.0,4401.0,0.0,367.5000000000001,3401.0,1.850000000000001
539.0,100,0,10,0.0,550.0,6682.5,0.0,6682.5,0.0,0.0,1050.0,0.0,0.0,4401.0,0.0,367.5000000000001,3401.0,1.850000000000001
540.0,100,0,10,0.0,550.0,6682.5,0.0,6682.5,0.0,0.0,1050.0,0.0,0.0,4401.0,0.0,367.5000000000001,3401.0,1.850000000000001
541.0,100,0,10,0.0,550.0,6682.5,0.0,6682.5,0.0,0.0,1050.0,0.0,0.0,4401.0,0.0,367.5000000000001,3401.0,1.850000000000001
542.0,100,0,10,0.0,550.0,6682.5,0.0,6682.5,0.0,0.0,1050.0,0.0,0.0,4401.0,0.0,367.5000000000001,3401.0,1.850000000000001
543.0,100,0,10,0.0,550.0,6682.5,0.0,6682.5,0.0,0.0,1050.0,0.0,0.0,4401.0,0.0,367.5000000000001,3401.0,1.850000000000001
544.0,100,0,10,0.0,550.0,6682.5,0.0,6682.5,0.0,0.0,1050.0,0.0,0.0,4401.0,0.0,367.5000000000001,3401.0,1.850000000000001
545.0,100,0,10,0.0,550.0,6682.5,0.0,6682.5,0.0,0.0,1050.0,0.0,0.0,4401.0,0.0,367.5000000000001,3401.0,1.850000000000001
546.0,100,0,10,0.0,550.0,6682.5,0.0,6682.5,0.0,0.0,1050.0,0.0,0.0,4401.0,0.0,367.5000000000001,3401.0,1.850000000000001
547.0,100,0,10,0.0,550.0,6682.5,0.0,6682.5,0.0,0.0,1050.0,0.0,0.0,4401.0,0.0,367.5000000000001,3401.0,1.850000000000001
548.0,100,0,10,0.0,550.0,6682.5,0.0,6682.5,0.0,0.0,1050.0,0.0,0.0,4401.0,0.0,367.5000000000001,3401.0,1.850000000000001
549.0,100,0,10,0.0,550.0,6682.5,0.0,6682.5,0.0,0.0,1050.0,0.0,0.0,4401.0,0.0,367.5000000000001,3401.0,1.850000000000001
550.0,100,0,10,0.0,550.0,6682.5,0.0,6682.5,0.0,0.0,1050.0,0.0,0.0,4401.0,0.0,367.5000000000001,3401.0,1.850000000000001
551.0,100,0,10,0.0,550.0,6682.5,0.0,6682.5,0.0,0.0,1050.0,0.0,0.0,4401.0,0.0,367.5000000000001,3401.0,1.850000000000001
552.0,100,0,10,0.0,550.0,6682.5,0.0,6682.5,0.0,0.0,1050.0,0.0,0.0,4401.0,0.0,367.5000000000001,3401.0,1.850000000000001
553.0,100,0,10,0.0,550.0,6682.5,0.0,6682.5,0.0,0.0,1050.0,0.0,0.0,4401.0,0.0,367.5000000000001,3401.0,1.850000000000001
554.0,100,0,10,0.0,550.0,6682.5,0.0,6682.5,0.0,0.0,1050.0,0.0,0.0,4401.0,0.0,367.5000000000001,3401.0,1.850000000000001
555.0,100,0,10,0.0,550.0,6682.5,0.0,6682.5,0.0,0.0,1050.0,0.0,0.0,4401.0,0.0,367.5000000000001,3401.0,1.850000000000001
556.0,100,0,10,0.0,550.0,6682.5,0.0,6682.5,0.0,0.0,1050.0,0.0,0.0,4401.0,0.0,367.5000000000001,3401.0,1.850000000000001
557.0,100,0,10,0.0,550.0,6682.5,0.0,6682.5,0.0,0.0,1050.0,0.0,0.0,4401.0,0.0,367.5000000000001,3401.0,1.850000000000001
558.0,100,0,10,0.0,550.0,6682.5,0.0,6682.5,0.0,0.0,1050.0,0.0,0.0,4401.0,0.0,367.5000000000001,3401.0,1.850000000000001
559.0,100,0,10,0.0,550.0,6682.5,0.0,6682.5,0.0,0.0,1050.0,0.0,0.0,4401.0,0.0,367.5000000000001,3401.0,1.850000000000001
560.0,100,0,10,0.0,550.0,6682.5,0.0,6682.5,0.0,0.0,1050.0,0.0,0.0,4401.0,0.0,367.5000000000001,3401.0,1.850000000000001
561.0,100,0,10,0.0,550.0,6682.5,0.0,6682.5,0.0,0.0,1050.0,0.0,0.0,4401.0,0.0,367.5000000000001,3401.0,1.850000000000001
562.0,100,0,10,0.0,550.0,6682.5,0.0,6682.5,0.0,0.0,1050.0,0.0,0.0,4401.0,0.0,367.5000000000001,3401.0,1.850000000000001
563.0,100,0,10,0.0,550.0,6682.5,0.0,6682.5,0.0,0.0,1050.0,0.0,0.0,4401.0,0.0,367.5000000000001,3401.0,1.850000000000001
564.0,100,0,10,0.0,550.0,6682.5,0.0,6682.5,0.0,0.0,1050.0,0.0,0.0,4401.0,0.0,367.5000000000001,3401.0,1.850000000000001
565.0,100,0,10,0.0,550.0,6682.5,0.0,6682.5,0.0,0.0,1050.0,0.0,0.0,4401.0,0.0,367.5000000000001,3401.0,1.850000000000001
566.0,100,0,10,0.0,550.0,6682.5,0.0,6682.5,0.0,0.0,1050.0,0.0,0.0,4401.0,0.0,367.5000000000001,3401.0,1.850000000000001
567.0,100,0,10,0.0,550.0,6682.5,0.0,6682.5,0.0,0.0,1050.0,0.0,0.0,4401.0,0.0,367.5000000000001,3401.0,1.850000000000001
568.0,100,0,10,0.0,550.0,6682.5,0.0,6682.5,0.0,0.0,1050.0,0.0,0.0,4401.0,0.0,367.5000000000001,3401.0,1.850000000000001
569.0,100,0,10,0.0,550.0,6682.5,0.0,6682.5,0.0,0.0,1050.0,0.0,0.0,4401.0,0.0,367.5000000000001,3401.0,1.850000000000001
570.0,100,0,10,0.0,550.0,6682.5,0.0,6682.5,0.0,0.0,1050.0,0.0,0.0,4401.0,0.0,367.5000000000001,3401.0,1.850000000000001
571.0,100,0,10,0.0,550.0,6682.5,0.0,6682.5,0.0,0.0,1050.0,0.0,0.0,4401.0,0.0,367.5000000000001,3401.0,1.850000000000001
572.0,100,0,10,0.0,550.0,6682.5,0.0,6682.5,0.0,0.0,1050.0,0.0,0.0,4401.0,0.0,367.5000000000001,3401.0,1.850000000000001
573.0,100,0,10,0.0,550.0,6682.5,0.0,6682.5,0.0,0.0,1050.0,0.0,0.0,4401.0,0.0,367.5000000000001,3401.0,1.850000000000001
574.0,100,0,10,0.0,550.0,6682.5,0.0,6682.5,0.0,0.0,1050.0,0.0,0.0,4401.0,0.0,367.5000000000001,3401.0,1.850000000000001
575.0,100,0,10,0.0,550.0,6682.5,0.0,6682.5,0.0,0.0,1050.0,0.0,0.0,4401.0,0.0,367.5000000000001,3401.0,1.850000000000001
576.0,100,0,10,0.0,550.0,6682.5,0.0,6682.5,0.0,0.0,1050.0,0.0,0.0,4401.0,0.0,367.5000000000001,3401.0,1.850000000000001
577.0,100,0,10,0.0,550.0,6682.5,0.0,6682.5,0.0,0.0,1050.0,0.0,0.0,4401.0,0.0,367.5000000000001,3401.0,1.850000000000001
578.0,100,0,10,0.0,550.0,6682.5,0.0,6682.5,0.0,0.0,1050.0,0.0,0.0,4401.0,0.0,367.5000000000001,3401.0,1.850000000000001
579.0,100,0,10,0.0,550.0,6682.5,0.0,6682.5,0.0,0.0,1050.0,0.0,0.0,4401.0,0.0,367.5000000000001,3401.0,1.850000000000001
580.0,100,0,10,0.0,550.0,6682.5,0.0,6682.5,0.0,0.0,1050.0,0.0,0.0,4401.0,0.0,367.5000000000001,3401.0,1.850000000000001
581.0,100,0,10,0.0,550.0,6682.5,0.0,6682.5,0.0,0.0,1050.0,0.0,0.0,4401.0,0.0,367.5000000000001,3401.0,1.850000000000001
582.0,100,0,10,0.0,550.0,6682.5,0.0,6682.5,0.0,0.0,1050.0,0.0,0.0,4401.0,0.0,367.5000000000001,3401.0,1.850000000000001
583.0,100,0,10,0.0,550.0,6682.5,0.0,6682.5,0.0,0.0,1050.0,0.0,0.0,4401.0,0.0,367.5000000000001,3401.0,1.850000000000001
584.0,100,0,10,0.0,550.0,6682.5,0.0,6682.5,0.0,0.0,1050.0,0.0,0.0,4401.0,0.0,367.5000000000001,3401.0,1.850000000000001
585.0,100,0,10,0.0,550.0,6682.5,0.0,6682.5,0.0,0.0,1050.0,0.0,0.0,4401.0,0.0,367.5000000000001,3401.0,1.850000000000001
586.0,100,0,10,0.0,550.0,6682.5,0.0,6682.5,0.0,0.0,1050.0,0.0,0.0,4401.0,0.0,367.5000000000001,3401.0,1.850000000000001
587.0,100,0,10,0.0,550.0,6682.5,0.0,6682.5,0.0,0.0,1050.0,0.0,0.0,4401.0,0.0,367.5000000000001,3401.0,1.850000000000001
588.0,100,0,10,0.0,550.0,6682.5,0.0,6682.5,0.0,0.0,1050.0,0.0,0.0,4401.0,0.0,367.5000000000001,3401.0,1.850000000000001
589.0,100,0,10,0.0,550.0,6682.5,0.0,6682.5,0.0,0.0,1050.0,0.0,0.0,4401.0,0.0,367.5000000000001,3401.0,1.850000000000001
590.0,100,0,10,0.0,550.0,6682.5,0.0,6682.5,0.0,0.0,1050.0,0.0,0.0,4401.0,0.0,367.5000000000001,3401.0,1.850000000000001
591.0,100,0,10,0.0,550.0,6682.5,0.0,6682.5,0.0,0.0,1050.0,0.0,0.0,4401.0,0.0,367.5000000000001,3401.0,1.850000000000001
592.0,100,0,10,0.0,550.0,6682.5,0.0,6682.5,0.0,0.0,1050.0,0.0,0.0,4401.0,0.0,367.5000000000001,3401.0,1.850000000000001
593.0,100,0,10,0.0,550.0,6682.5,0.0,6682.5,0.0,0.0,1050.0,0.0,0.0,4401.0,0.0,367.5000000000001,3401.0,1.850000000000001
594.0,100,0,10,0.0,550.0,6682.5,0.0,6682.5,0.0,0.0,1050.0,0.0,0.0,4401.0,0.0,367.5000000000001,3401.0,1.850000000000001
595.0,100,0,10,0.0,550.0,6682.5,0.0,6682.5,0.0,0.0,1050.0,0.0,0.0,4401.0,0.0,367.5000000000001,3401.0,1.850000000000001
596.0,100,0,10,0.0,550.0,6682.5,0.0,6682.5,0.0,0.0,1050.0,0.0,0.0,4401.0,0.0,367.5000000000001,3401.0,1.850000000000001
597.0,100,0,10,0.0,550.0,6682.5,0.0,6682.5,0.0,0.0,1050.0,0.0,0.0,4401.0,0.0,367.5000000000001,3401.0,1.850000000000001
598.0,100,0,10,0.0,550.0,6682.5,0.0,6682.5,0.0,0.0,1050.0,0.0,0.0,4401.0,0.0,367.5000000000001,3401.0,1.850000000000001
599.0,100,0,10,0.0,550.0,6682.5,0.0,6682.5,0.0,0.0,1050.0,0.0,0.0,4401.0,0.0,367.5000000000001,3401.0,1.850000000000001
600.0,100,0,10,0.0,550.0,6682.5,0.0,6682.5,0.0,0.0,1050.0,0.0,0.0,4401.0,0.0,367.5000000000001,3401.0,1.850000000000001
